end_point_x,num_physical_stroke,num_stroke,start_point_x,start_point_y,g,b,r,num_brush,end_point_y,theta_rad,theta_deg,Unnamed: 0,Unnamed: 0.1
120.48703402208965,419.0,102.0,112.15298673899969,325.2999471559104,202.0,207.0,189.0,2.0,299.6503874432692,0.3141592700403172,18.000000268220898,418.0,418.0
134.9170325213972,420.0,102.0,126.5829852383072,329.98853795962987,202.0,207.0,189.0,2.0,304.33897824698886,0.3141592700403172,18.000000268220898,419.0,419.0
141.651031821074,421.0,102.0,133.31698453798404,332.1765470013657,202.0,207.0,189.0,2.0,306.5269872887246,0.3141592700403172,18.000000268220898,420.0,420.0
444.2809225880748,430.0,107.0,402.7416138654637,235.9921380472381,212.0,211.0,178.0,2.0,214.9082061066705,1.1011144230012018,63.08920919895172,429.0,429.0
446.1828443358388,431.0,107.0,404.6435356132277,239.73928136326265,212.0,211.0,178.0,2.0,218.65534942269505,1.1011144230012018,63.08920919895172,430.0,430.0
65.77111306938289,435.0,109.0,41.258482972724686,54.4657459360846,231.0,218.0,251.0,2.0,-20.92334974508736,0.314365951106556,18.011842221021652,434.0,434.0
69.7673634814125,436.0,109.0,45.25473338475432,55.76511963514018,231.0,218.0,251.0,2.0,-19.623976046031768,0.314365951106556,18.011842221021652,435.0,435.0
558.4335498772788,441.0,112.0,537.0916455990952,420.2442066802519,200.0,178.0,208.0,2.0,432.31251210416747,2.0854425742997043,119.48705792427064,440.0,440.0
550.8972938740924,442.0,112.0,529.5553895959088,433.5715172334932,200.0,178.0,208.0,2.0,445.6398226574089,2.0854425742997043,119.48705792427064,441.0,441.0
543.863454937785,443.0,112.0,522.5215506596014,446.0103404165184,200.0,178.0,208.0,2.0,458.0786458404342,2.0854425742997043,119.48705792427064,442.0,442.0
546.1703472918415,452.0,115.0,525.0011626165526,40.84544643501593,236.0,207.0,248.0,2.0,12.794866044195954,0.6464889657060817,37.0410892367363,451.0,451.0
558.1649567116838,453.0,115.0,536.995772036395,49.89752658376379,236.0,207.0,248.0,2.0,21.846946192943825,0.6464889657060817,37.0410892367363,452.0,452.0
560.5638785956521,454.0,115.0,539.3946939203635,51.70794261351335,236.0,207.0,248.0,2.0,23.657362222693383,0.6464889657060817,37.0410892367363,453.0,453.0
150.08641830995143,459.0,118.0,111.31509410253176,128.33558918286798,222.0,183.0,230.0,2.0,147.64748857781333,2.0329207723844083,116.47778034210204,458.0,458.0
145.52549789079026,460.0,118.0,106.75417368337057,137.49227132164415,222.0,183.0,230.0,2.0,156.80417071658948,2.0329207723844083,116.47778034210204,459.0,459.0
31.7299187942255,461.0,119.0,-9.77197235086298,375.37357061689227,202.0,191.0,198.0,2.0,354.2160805339901,1.0993428175038646,62.98770368099213,460.0,460.0
38.589861344239225,462.0,119.0,-2.9120298008492576,388.82982595987846,202.0,191.0,198.0,2.0,367.67233587697626,1.0993428175038646,62.98770368099213,461.0,461.0
45.44980389425295,463.0,119.0,3.947912749164463,402.2860813028646,202.0,191.0,198.0,2.0,381.1285912199624,1.0993428175038646,62.98770368099213,462.0,462.0
52.30974644426667,464.0,119.0,10.807855299178186,415.74233664585086,202.0,191.0,198.0,2.0,394.5848465629486,1.0993428175038646,62.98770368099213,463.0,463.0
56.88304147760915,465.0,119.0,15.381150332520669,424.71317354117485,202.0,191.0,198.0,2.0,403.5556834582727,1.0993428175038646,62.98770368099213,464.0,464.0
575.9470323637381,469.0,121.0,472.5496971460393,410.9479826082143,222.0,198.0,218.0,2.0,345.0919812075789,1.003670034908448,57.50605702400208,468.0,468.0
584.0492487284487,470.0,121.0,480.6519135107499,423.6688822020397,222.0,198.0,218.0,2.0,357.81288080140433,1.003670034908448,57.50605702400208,469.0,469.0
592.1514650931592,471.0,121.0,488.7541298754605,436.3897817958651,222.0,198.0,218.0,2.0,370.5337803952297,1.003670034908448,57.50605702400208,470.0,470.0
600.25368145787,472.0,121.0,496.8563462401712,449.11068138969046,222.0,198.0,218.0,2.0,383.25467998905526,1.003670034908448,57.50605702400208,471.0,471.0
604.0347157614018,473.0,121.0,500.6373805437029,455.0471012001424,222.0,198.0,218.0,2.0,389.1910997995071,1.003670034908448,57.50605702400208,472.0,472.0
434.0616585681827,477.0,123.0,324.3539321216317,486.6358324901498,186.0,195.0,167.0,2.0,457.1579747141693,1.3083017291155603,74.9601674079895,476.0,476.0
437.9590869383412,478.0,123.0,328.25136049179014,501.1408894290831,186.0,195.0,167.0,2.0,471.66303165310256,1.3083017291155603,74.9601674079895,477.0,477.0
440.0377154024257,479.0,123.0,330.3299889558746,508.8769197965141,186.0,195.0,167.0,2.0,479.3990620205336,1.3083017291155603,74.9601674079895,478.0,478.0
140.1297804963954,492.0,128.0,127.75498301544366,467.9780087813778,221.0,211.0,210.0,2.0,429.892298905032,0.3141592700403172,18.000000268220898,491.0,491.0
510.3375588502624,495.0,130.0,475.0287535943144,432.1409841663177,193.0,185.0,184.0,2.0,361.164417235548,0.4616226061715996,26.4490270614624,494.0,494.0
523.2787441516202,496.0,130.0,487.96993889567216,438.5788524846385,193.0,185.0,184.0,2.0,367.6022855538688,0.4616226061715996,26.4490270614624,495.0,495.0
515.6888541358293,504.0,133.0,505.6696968445797,21.054301828004704,255.0,229.0,255.0,2.0,7.1199659828704425,0.6233816479935484,35.717137455940254,503.0,503.0
524.9021347202297,505.0,133.0,514.8829774289802,27.678895089531284,255.0,229.0,255.0,2.0,13.74455924439702,0.6233816479935484,35.717137455940254,504.0,504.0
522.0700631829957,506.0,134.0,481.48038234610914,254.32386471010048,214.0,188.0,223.0,2.0,229.84256461706627,1.0280704785762964,58.9040994644165,505.0,505.0
529.8363200613213,507.0,134.0,489.24663922443466,267.20021877588,214.0,188.0,223.0,2.0,242.71891868284587,1.0280704785762964,58.9040994644165,506.0,506.0
537.602576939647,508.0,134.0,497.0128961027604,280.07657284165964,214.0,188.0,223.0,2.0,255.59527274862543,1.0280704785762964,58.9040994644165,507.0,507.0
543.2978319837524,509.0,134.0,502.70815114686576,289.519232489898,214.0,188.0,223.0,2.0,265.0379323968638,1.0280704785762964,58.9040994644165,508.0,508.0
469.3265274554786,522.0,139.0,462.0026677218541,386.9175486097208,190.0,161.0,207.0,2.0,364.3770264380059,0.3141592700403172,18.000000268220898,521.0,521.0
483.0731743017155,523.0,139.0,475.749314568091,391.3841049983677,190.0,161.0,207.0,2.0,368.8435828266528,0.3141592700403172,18.000000268220898,522.0,522.0
272.54776156968467,524.0,140.0,191.65370298126172,11.479207164418892,203.0,203.0,191.0,2.0,13.014656028717209,1.5897750322141562,91.08739972114564,523.0,523.0
272.3162728424514,525.0,140.0,191.4222142540284,23.67503022228033,203.0,203.0,191.0,2.0,25.21047908657865,1.5897750322141562,91.08739972114564,524.0,524.0
273.33033421457844,526.0,141.0,178.32122350300634,381.4256466041729,192.0,196.0,156.0,2.0,360.6513384683098,1.35552837615783,77.66605496406554,525.0,525.0
274.85655369806943,527.0,141.0,179.84744298649727,388.4056507000408,192.0,196.0,156.0,2.0,367.6313425641777,1.35552837615783,77.66605496406554,526.0,526.0
494.4390383468133,528.0,142.0,477.49153311364006,92.9035226585998,195.0,158.0,212.0,2.0,43.42069780731109,0.3299711908417147,18.905956596136093,527.0,527.0
508.6385949452372,529.0,142.0,491.6910897120639,97.76676683440722,195.0,158.0,212.0,2.0,48.28394198311853,0.3299711908417147,18.905956596136093,528.0,528.0
522.8381515436611,530.0,142.0,505.8906463104877,102.63001101021464,195.0,158.0,212.0,2.0,53.14718615892596,0.3299711908417147,18.905956596136093,529.0,529.0
525.6780628633458,531.0,142.0,508.7305576301725,103.60265984537612,195.0,158.0,212.0,2.0,54.11983499408744,0.3299711908417147,18.905956596136093,530.0,530.0
262.41433115420125,534.0,144.0,247.75483519665352,267.60308969825616,196.0,181.0,182.0,2.0,227.7140755631357,0.352185426325217,20.17873853445053,533.0,533.0
276.5890259194172,535.0,144.0,261.9295299618695,272.81239068289,196.0,181.0,182.0,2.0,232.9233765477696,0.352185426325217,20.17873853445053,534.0,534.0
290.7637206846332,536.0,144.0,276.10422472708547,278.02169166752384,196.0,181.0,182.0,2.0,238.13267753240345,0.352185426325217,20.17873853445053,535.0,535.0
302.103476496806,537.0,144.0,287.44398053925823,282.18913245523095,196.0,181.0,182.0,2.0,242.3001183201105,0.352185426325217,20.17873853445053,536.0,536.0
121.16210916347336,538.0,145.0,99.37961880578617,42.09951087755331,190.0,195.0,183.0,2.0,22.322322694904138,0.8336119173395398,47.76244461536408,537.0,537.0
585.2561190198143,553.0,151.0,545.2758923749574,6.883976475633732,198.0,177.0,207.0,2.0,-13.659040007565546,1.096146493644146,62.80456781387328,552.0,552.0
592.1734105972707,554.0,151.0,552.1931839524141,20.34620999238395,198.0,177.0,207.0,2.0,-0.1968064908153231,1.096146493644146,62.80456781387328,553.0,553.0
599.0907021747274,555.0,151.0,559.1104755298709,33.80844350913418,198.0,177.0,207.0,2.0,13.2654270259349,1.096146493644146,62.80456781387328,554.0,554.0
606.0079937521842,556.0,151.0,566.0277671073275,47.2706770258844,198.0,177.0,207.0,2.0,26.72766054268512,1.096146493644146,62.80456781387328,555.0,555.0
609.6972159268278,557.0,151.0,569.716989281971,54.45053490148453,198.0,177.0,207.0,2.0,33.907518418285235,1.096146493644146,62.80456781387328,556.0,556.0
570.8254839979339,580.0,161.0,556.8933868730993,299.347553953871,212.0,203.0,177.0,2.0,326.18536888547453,2.6627648200314127,152.56518602371216,579.0,579.0
557.3015505202077,581.0,161.0,543.3694533953732,306.3681238177615,212.0,203.0,177.0,2.0,333.20593874936503,2.6627648200314127,152.56518602371216,580.0,580.0
552.793572694299,582.0,161.0,538.8614755694643,308.70831377239165,212.0,203.0,177.0,2.0,335.5461287039952,2.6627648200314127,152.56518602371216,581.0,581.0
42.53597773431616,588.0,164.0,15.103329759137637,403.16940386334414,205.0,204.0,197.0,2.0,417.7267000352792,2.0586668198049107,117.95292019844057,587.0,587.0
35.32064458309299,589.0,164.0,7.887996607914469,416.7664133645137,205.0,204.0,197.0,2.0,431.3237095364488,2.0586668198049107,117.95292019844057,588.0,588.0
34.83962237301145,590.0,164.0,7.4069743978329265,417.6728806645917,205.0,204.0,197.0,2.0,432.2301768365268,2.0586668198049107,117.95292019844057,589.0,589.0
546.0574147567106,592.0,166.0,531.4060866233127,457.7552814844856,228.0,205.0,204.0,2.0,490.5945320112788,2.721942548107035,155.95582008361816,591.0,591.0
532.2233129441187,593.0,166.0,517.5719848107203,463.9274066650452,228.0,205.0,204.0,2.0,496.7666571918384,2.721942548107035,155.95582008361816,592.0,592.0
518.3892111315263,594.0,166.0,503.7378829981282,470.0995318456048,228.0,205.0,204.0,2.0,502.938782372398,2.721942548107035,155.95582008361816,593.0,593.0
504.5551093189341,595.0,166.0,489.903781185536,476.2716570261644,228.0,205.0,204.0,2.0,509.1109075529577,2.721942548107035,155.95582008361816,594.0,594.0
501.7882889564156,596.0,166.0,487.1369608230175,477.50608206227633,228.0,205.0,204.0,2.0,510.3453325890695,2.721942548107035,155.95582008361816,595.0,595.0
475.2674585655709,604.0,170.0,457.64978111356766,240.10270553784383,237.0,232.0,218.0,2.0,260.5226393958732,2.429732315760811,139.2134070396423,603.0,603.0
463.8077137090572,605.0,170.0,446.19003625705415,249.98981339862283,237.0,232.0,218.0,2.0,270.40974725665217,2.429732315760811,139.2134070396423,604.0,604.0
460.7517817473204,606.0,170.0,443.1341042953172,252.6263754948305,237.0,232.0,218.0,2.0,273.0463093528599,2.429732315760811,139.2134070396423,605.0,605.0
266.65598346330984,621.0,176.0,191.020375609852,10.755035074587774,179.0,198.0,159.0,2.0,49.52863313103246,2.044502214980836,117.14134812355042,620.0,620.0
261.59970576537546,622.0,176.0,185.9640979119176,20.61830947595796,179.0,198.0,159.0,2.0,59.391907532402655,2.044502214980836,117.14134812355042,621.0,621.0
492.9060167480143,625.0,178.0,473.1990205478577,46.637863681522106,187.0,166.0,208.0,2.0,81.49889077836444,2.627077483544888,150.5204522609711,624.0,624.0
479.8157238022585,626.0,178.0,460.1087276021018,54.037827905878366,187.0,166.0,208.0,2.0,88.89885500272068,2.627077483544888,150.5204522609711,625.0,625.0
466.72543085650256,627.0,178.0,447.018434656346,61.43779213023461,187.0,166.0,208.0,2.0,96.29881922707692,2.627077483544888,150.5204522609711,626.0,626.0
457.1258826962817,628.0,178.0,437.418886496125,66.86443256142921,187.0,166.0,208.0,2.0,101.72545965827152,2.627077483544888,150.5204522609711,627.0,627.0
364.17946383923055,656.0,189.0,335.701724570959,266.60393752528364,200.0,161.0,194.0,2.0,285.7667995050484,2.1631065310523807,123.9368748664856,655.0,655.0
355.63191312919065,657.0,189.0,327.1541738609192,279.3063679221565,200.0,161.0,194.0,2.0,298.4692299019212,2.1631065310523807,123.9368748664856,656.0,656.0
353.9224029871827,658.0,189.0,325.4446637189112,281.84685400153097,200.0,161.0,194.0,2.0,301.00971598129587,2.1631065310523807,123.9368748664856,657.0,657.0
179.02233503862183,661.0,191.0,171.30326023583353,377.2183988865322,215.0,207.0,174.0,2.0,389.7411541279967,2.5891987191823107,148.35015892982486,660.0,660.0
171.05747456971795,662.0,191.0,163.33839976692968,382.1279697092268,215.0,207.0,174.0,2.0,394.6507249506913,2.5891987191823107,148.35015892982486,661.0,661.0
527.6814653691481,688.0,205.0,509.1247567896077,135.8516690963757,202.0,158.0,206.0,2.0,125.4999960772785,1.0619539083342937,60.84547698497772,687.0,687.0
535.1614955333091,689.0,205.0,516.6047869537687,149.26058760321385,202.0,158.0,206.0,2.0,138.90891458411664,1.0619539083342937,60.84547698497772,688.0,688.0
539.6495136318058,690.0,205.0,521.0928050522654,157.30593870731676,202.0,158.0,206.0,2.0,146.95426568821952,1.0619539083342937,60.84547698497772,689.0,689.0
301.2699384432688,692.0,207.0,294.9742078305414,223.0611821888845,233.0,209.0,223.0,2.0,237.2555485975637,2.7241261113354938,156.0809290409088,691.0,691.0
287.4142467806072,693.0,207.0,281.11851616787976,229.2066979272828,233.0,209.0,223.0,2.0,243.401064335962,2.7241261113354938,156.0809290409088,692.0,692.0
273.5585551179456,694.0,207.0,267.26282450521813,235.35221366568112,233.0,209.0,223.0,2.0,249.5465800743604,2.7241261113354938,156.0809290409088,693.0,693.0
268.9399912303917,695.0,207.0,262.64426061766426,237.4007189118139,233.0,209.0,223.0,2.0,251.5950853204932,2.7241261113354938,156.0809290409088,694.0,694.0
432.3610700523189,703.0,211.0,425.8232538689573,349.3689738681727,187.0,202.0,171.0,2.0,365.2373760506349,2.750782585341776,157.60823249816897,702.0,702.0
418.30324758200766,704.0,211.0,411.7654313986461,355.16082727549326,187.0,202.0,171.0,2.0,371.0292294579554,2.750782585341776,157.60823249816897,703.0,703.0
408.9313659351336,705.0,211.0,402.39354975177184,359.0220628803736,187.0,202.0,171.0,2.0,374.8904650628357,2.750782585341776,157.60823249816897,704.0,704.0
530.7212433120209,710.0,214.0,502.260592168954,57.18071488163979,193.0,173.0,189.0,2.0,97.11159056210678,2.5223621351245957,144.52070474624634,709.0,709.0
529.8958318886108,711.0,214.0,501.435180745544,57.769025209696686,193.0,173.0,189.0,2.0,97.69990089016363,2.5223621351245957,144.52070474624634,710.0,710.0
506.5233683406537,712.0,215.0,491.59276323739965,240.1437735450636,202.0,184.0,223.0,2.0,254.0908909051596,2.3221506777994816,133.04943323135376,711.0,711.0
496.086116143706,713.0,215.0,481.155511040452,251.3170136413688,202.0,184.0,223.0,2.0,265.2641310014646,2.3221506777994816,133.04943323135376,712.0,712.0
488.4321311992777,714.0,215.0,473.5015260960237,259.5107230453258,202.0,184.0,223.0,2.0,273.4578404054217,2.3221506777994816,133.04943323135376,713.0,713.0
133.8003236489285,719.0,218.0,127.78476194929416,462.08011799479215,199.0,196.0,187.0,2.0,446.88216252908967,0.3768924508091013,21.594346761703488,718.0,718.0
551.1423355419113,722.0,220.0,528.5519507915641,469.10040016245,201.0,193.0,218.0,2.0,450.2513000400057,0.8754371431395054,50.15885353088379,721.0,721.0
553.7503844452751,723.0,220.0,531.1599996949278,472.2261105566855,201.0,193.0,218.0,2.0,453.37701043424113,0.8754371431395054,50.15885353088379,722.0,722.0
386.3935708113493,726.0,222.0,371.00999224857054,338.57380098539846,209.0,217.0,168.0,2.0,373.7698703723453,2.7295328693029512,156.39071345329285,725.0,725.0
338.4008068794812,730.0,225.0,331.8345878079557,189.0134108209996,182.0,195.0,147.0,2.0,168.8046668049793,0.3141592700403172,18.000000268220898,729.0,729.0
352.8079006192659,731.0,225.0,346.2416815477405,193.69455941709427,182.0,195.0,147.0,2.0,173.48581540107398,0.3141592700403172,18.000000268220898,730.0,730.0
364.33357561109375,732.0,225.0,357.7673565395684,197.43947829397,182.0,195.0,147.0,2.0,177.23073427794975,0.3141592700403172,18.000000268220898,731.0,731.0
355.08036577856814,744.0,230.0,333.5829665586696,154.1507051243999,200.0,209.0,178.0,2.0,124.31140564645553,0.6243122043320979,35.77045440673828,743.0,743.0
365.6542236850184,745.0,230.0,344.1568244651197,161.76852620888803,200.0,209.0,178.0,2.0,131.92922673094358,0.6243122043320979,35.77045440673828,744.0,744.0
546.5414984339309,747.0,232.0,534.3069395315921,29.657489389838968,214.0,195.0,250.0,2.0,16.482322739139608,0.7483974307627023,42.88001418113709,746.0,746.0
556.3034380035583,748.0,232.0,544.0688791012195,38.72249993825117,214.0,195.0,250.0,2.0,25.547333287551805,0.7483974307627023,42.88001418113709,747.0,747.0
175.97301280152286,753.0,235.0,149.67795380440157,49.38589343697901,195.0,187.0,190.0,2.0,62.58376943778178,2.035974502693104,116.65274620056152,752.0,752.0
500.6760855634965,763.0,241.0,455.7098056748115,94.94028907290507,199.0,199.0,180.0,2.0,138.9639691624495,2.34560268241818,134.39313411712644,762.0,762.0
492.7375035235359,764.0,241.0,447.77122363485086,103.04884567703448,199.0,199.0,180.0,2.0,147.07252576657888,2.34560268241818,134.39313411712644,763.0,763.0
23.090881879772876,771.0,244.0,18.797583866698204,51.77435650298024,198.0,201.0,207.0,2.0,64.9877657504409,2.8274333133294083,161.9999957084656,770.0,770.0
586.6898535555263,774.0,247.0,549.2146659627798,492.0390803609162,218.0,206.0,213.0,2.0,451.0020753141577,0.7400628236614336,42.40247637033463,773.0,773.0
598.0694442061581,775.0,247.0,560.5942566134119,502.4309765013677,218.0,206.0,213.0,2.0,461.39397145460913,0.7400628236614336,42.40247637033463,774.0,774.0
601.1040017129933,776.0,247.0,563.6288141202472,505.2021488054879,218.0,206.0,213.0,2.0,464.1651437587295,0.7400628236614336,42.40247637033463,775.0,775.0
413.6867694423664,423.0,103.0,408.1307367195639,447.54884183936656,163.0,148.0,125.0,2.0,464.6485479243157,2.8274333133294083,161.9999957084656,422.0,422.0
311.674186601639,425.0,105.0,208.1259685358964,465.6892714672241,183.0,190.0,155.0,2.0,480.54989362702673,1.7133370723262358,98.166983127594,424.0,424.0
309.5187893058326,426.0,105.0,205.97057124009,480.7079932141629,183.0,190.0,155.0,2.0,495.5686153739656,1.7133370723262358,98.166983127594,425.0,425.0
308.5129372344564,427.0,105.0,204.96471916871369,487.716730029401,183.0,190.0,155.0,2.0,502.5773521892036,1.7133370723262358,98.166983127594,426.0,426.0
466.45148969833673,428.0,106.0,417.3321189651586,8.874770146239785,167.0,182.0,141.0,2.0,36.573449579814245,2.0842527654708194,119.41888689994812,427.0,427.0
461.9705884396725,429.0,106.0,412.8512177064944,16.820963056660773,167.0,182.0,141.0,2.0,44.51964249023522,2.0842527654708194,119.41888689994812,428.0,428.0
310.91825070937284,432.0,108.0,269.9111039327179,241.42990279994305,128.0,139.0,91.0,2.0,193.69663715750065,0.7097473691753566,40.66552877426148,431.0,431.0
322.5316946263926,433.0,108.0,281.52454784973764,251.40689039712584,128.0,139.0,91.0,2.0,203.67362475468343,0.7097473691753566,40.66552877426148,432.0,432.0
333.3709089489444,434.0,108.0,292.36376217228946,260.71874548782984,128.0,139.0,91.0,2.0,212.9854798453873,0.7097473691753566,40.66552877426148,433.0,433.0
140.6095624507326,437.0,110.0,134.9987008529652,376.3446290237494,188.0,216.0,126.0,2.0,360.9926563482172,0.3503996597808725,20.076421648263928,436.0,436.0
153.902519900483,438.0,110.0,148.29165830271558,381.20295870241233,188.0,216.0,126.0,2.0,365.85098602688026,0.3503996597808725,20.076421648263928,437.0,437.0
28.078604710902905,439.0,111.0,14.946163729733325,170.73494601732938,167.0,153.0,121.0,2.0,211.15243312720912,2.8274333133294083,161.9999957084656,438.0,438.0
26.124424566563427,440.0,111.0,12.991983585393848,171.36989779803616,167.0,153.0,121.0,2.0,211.7873849079159,2.8274333133294083,161.9999957084656,439.0,439.0
329.66899706402336,444.0,113.0,315.4519009622525,106.3713063685902,173.0,181.0,149.0,2.0,134.89793350068706,2.679242005755193,153.50925922393802,443.0,443.0
316.07829277782247,445.0,113.0,301.86119667605163,113.14463950863971,173.0,181.0,149.0,2.0,141.6712666407366,2.679242005755193,153.50925922393802,444.0,444.0
302.48758849162164,446.0,113.0,288.27049238985074,119.91797264868929,173.0,181.0,149.0,2.0,148.4445997807861,2.679242005755193,153.50925922393802,445.0,445.0
288.89688420542075,447.0,113.0,274.6797881036499,126.69130578873876,173.0,181.0,149.0,2.0,155.21793292083558,2.679242005755193,153.50925922393802,446.0,446.0
287.9908372530074,448.0,113.0,273.7737411512365,127.14286133140877,173.0,181.0,149.0,2.0,155.66948846350556,2.679242005755193,153.50925922393802,447.0,447.0
504.4281854771389,455.0,116.0,493.444122725368,207.35434646382183,162.0,156.0,159.0,2.0,187.2796500041404,0.5006598612128211,28.68569701910019,454.0,454.0
382.23571554566695,456.0,117.0,375.1850897284703,279.523970963185,182.0,161.0,166.0,2.0,300.4332173280202,2.8163649453617405,161.36582493782043,455.0,455.0
367.8937335521121,457.0,117.0,360.8431077349154,284.36010645793857,182.0,161.0,166.0,2.0,305.26935282277384,2.8163649453617405,161.36582493782043,456.0,456.0
364.0692050204975,458.0,117.0,357.0185792033008,285.64974258987286,182.0,161.0,166.0,2.0,306.55898895470807,2.8163649453617405,161.36582493782043,457.0,457.0
338.2650237871464,474.0,122.0,264.01916143109185,62.92905780388158,160.0,171.0,135.0,2.0,58.62419124271336,1.5128799383905631,86.68163537979126,473.0,473.0
339.1466787795285,475.0,122.0,264.90081642347394,78.13492639000656,160.0,171.0,135.0,2.0,73.83005982883834,1.5128799383905631,86.68163537979126,474.0,474.0
339.91077977292633,476.0,122.0,265.66491741687173,91.31334583131486,160.0,171.0,135.0,2.0,87.00847927014668,1.5128799383905631,86.68163537979126,475.0,475.0
576.122815030225,480.0,124.0,536.8563688855983,135.74368810139129,139.0,139.0,104.0,2.0,124.4332321957464,1.2903443043624545,73.93128275871277,479.0,479.0
580.3671573351533,481.0,124.0,541.1007111905265,150.47874740635245,139.0,139.0,104.0,2.0,139.16829150070754,1.2903443043624545,73.93128275871277,480.0,480.0
582.0648942571245,482.0,124.0,542.7984481124978,156.3727711283369,139.0,139.0,104.0,2.0,145.062315222692,1.2903443043624545,73.93128275871277,481.0,481.0
480.3273864003377,483.0,125.0,460.8434502853106,238.1664962901081,152.0,153.0,116.0,2.0,210.90596724670823,0.6205440550535555,35.55455535650253,482.0,482.0
490.2512344835855,484.0,125.0,470.76729836855833,245.2593748531545,152.0,153.0,116.0,2.0,217.99884580975456,0.6205440550535555,35.55455535650253,483.0,483.0
263.582319470028,485.0,126.0,211.4461844066344,280.71427978000384,136.0,144.0,78.0,2.0,320.1662853949905,2.218578886590078,127.1152067184448,484.0,484.0
254.52268825890744,486.0,126.0,202.38655319551387,292.6866535309618,136.0,144.0,78.0,2.0,332.13865914594857,2.218578886590078,127.1152067184448,485.0,485.0
246.6710078759364,487.0,126.0,194.5348728125428,303.06271078179213,136.0,144.0,78.0,2.0,342.51471639677885,2.218578886590078,127.1152067184448,486.0,486.0
70.39336438452094,488.0,127.0,58.3506012034529,129.1371606357638,116.0,117.0,81.0,2.0,155.98089200007615,2.719882946704941,155.83781361579898,487.0,487.0
56.592329552389934,489.0,127.0,44.549566371321895,135.32864690424822,116.0,117.0,81.0,2.0,162.1723782685606,2.719882946704941,155.83781361579898,488.0,488.0
42.79129472025894,490.0,127.0,30.748531539190896,141.5201331727326,116.0,117.0,81.0,2.0,168.363864537045,2.719882946704941,155.83781361579898,489.0,489.0
28.99025988812793,491.0,127.0,16.947496707059898,147.7116194412171,116.0,117.0,81.0,2.0,174.55535080552943,2.719882946704941,155.83781361579898,490.0,490.0
55.17825126492779,493.0,129.0,44.24996968103365,253.00178148743785,114.0,113.0,95.0,2.0,239.7684187290565,0.690283536714323,39.550333321094506,492.0,492.0
59.85045015037525,494.0,129.0,48.92216856648111,256.86014356579835,114.0,113.0,95.0,2.0,243.626780807417,0.690283536714323,39.550333321094506,493.0,493.0
382.8157203829928,501.0,132.0,337.9556186426114,371.0629272691235,187.0,185.0,151.0,2.0,342.6112169629838,1.0055858256116776,57.61582374572753,500.0,500.0
390.889396050017,502.0,132.0,346.02929430963565,383.79277401451895,187.0,185.0,151.0,2.0,355.3410637083793,1.0055858256116776,57.61582374572753,501.0,501.0
394.1188663168267,503.0,132.0,349.2587645764453,388.8847127126773,187.0,185.0,151.0,2.0,360.4330024065375,1.0055858256116776,57.61582374572753,502.0,502.0
393.79761066730487,510.0,135.0,373.4003450030826,293.9692551927069,107.0,112.0,65.0,2.0,306.03845626794435,2.1050955796234043,120.6130921840668,509.0,509.0
386.1520041202032,511.0,135.0,365.7547384559808,306.8905303403482,107.0,112.0,65.0,2.0,318.95973141558574,2.1050955796234043,120.6130921840668,510.0,510.0
379.5258117793816,512.0,135.0,359.1285461151593,318.0889688016374,107.0,112.0,65.0,2.0,330.15816987687487,2.1050955796234043,120.6130921840668,511.0,511.0
200.36951269346432,513.0,136.0,139.14344990726454,38.03735715487846,168.0,169.0,151.0,2.0,74.18698766810394,2.1041484513488524,120.55882573127748,512.0,512.0
194.60009570971025,514.0,136.0,133.37403292351047,47.80892830158383,168.0,169.0,151.0,2.0,83.95855881480934,2.1041484513488524,120.55882573127748,513.0,513.0
88.11110417149987,515.0,137.0,78.56837686833848,404.1539504785964,155.0,152.0,151.0,2.0,388.91564993601617,0.5594855058684701,32.056158185005195,514.0,514.0
100.84352960651417,516.0,137.0,91.30080230335275,412.1274159903617,155.0,152.0,151.0,2.0,396.8891154477816,0.5594855058684701,32.056158185005195,515.0,515.0
113.57595504152842,517.0,137.0,104.03322773836702,420.100881502127,155.0,152.0,151.0,2.0,404.8625809595469,0.5594855058684701,32.056158185005195,516.0,516.0
126.30838047654264,518.0,137.0,116.7656531733813,428.0743470138923,155.0,152.0,151.0,2.0,412.83604647131216,0.5594855058684701,32.056158185005195,517.0,517.0
135.64549246221978,519.0,137.0,126.1027651590584,433.9215550558537,155.0,152.0,151.0,2.0,418.6832545132735,0.5594855058684701,32.056158185005195,518.0,518.0
52.51786021783802,520.0,138.0,30.814198818611278,208.8143009053936,128.0,148.0,90.0,2.0,155.00077204429084,0.3833585955328406,21.964829564094547,519.0,519.0
58.13743586683314,521.0,138.0,36.4337744676064,211.0807452303501,128.0,148.0,90.0,2.0,157.26721636924734,0.3833585955328406,21.964829564094547,520.0,520.0
558.4025083186243,532.0,143.0,539.4040757721141,265.7384428177696,90.0,100.0,62.0,2.0,233.2983206414506,0.5297983337357322,30.355208516120918,531.0,531.0
569.8979940827528,533.0,143.0,550.8995615362426,272.4707297583716,90.0,100.0,62.0,2.0,240.03060758205265,0.5297983337357322,30.355208516120918,532.0,532.0
165.27906243369782,539.0,146.0,137.6580034181853,440.8922266430222,161.0,156.0,133.0,2.0,428.5857755111807,1.15165255481439,65.98483085632324,538.0,538.0
171.44780869516248,540.0,146.0,143.82674967964996,454.73759138012167,161.0,156.0,133.0,2.0,442.4311402482801,1.15165255481439,65.98483085632324,539.0,539.0
177.6165549566271,541.0,146.0,149.99549594111463,468.5829561172212,161.0,156.0,133.0,2.0,456.2765049853796,1.15165255481439,65.98483085632324,540.0,540.0
179.67280371044868,542.0,146.0,152.0517446949362,473.1980776962544,161.0,156.0,133.0,2.0,460.8916265644128,1.15165255481439,65.98483085632324,541.0,541.0
471.2245731734984,545.0,148.0,422.2163188292155,382.60674844600334,123.0,122.0,87.0,2.0,358.18445651134505,1.1084854703320526,63.51153910160064,544.0,544.0
473.0402528217099,546.0,148.0,424.0319984774271,386.2502758530691,123.0,122.0,87.0,2.0,361.8279839184109,1.1084854703320526,63.51153910160064,545.0,545.0
394.3775889172024,547.0,149.0,302.535160040034,81.12268165876637,181.0,183.0,162.0,2.0,117.78150125445624,1.9505689239050803,111.75936698913574,546.0,546.0
388.7095237186082,548.0,149.0,296.86709484143984,95.32305364603684,181.0,183.0,162.0,2.0,131.9818732417267,1.9505689239050803,111.75936698913574,547.0,547.0
384.5529425729725,549.0,149.0,292.71051369580414,105.73665977003516,181.0,183.0,162.0,2.0,142.39547936572504,1.9505689239050803,111.75936698913574,548.0,548.0
312.46017000624715,550.0,150.0,297.1952683167639,372.5129557726257,189.0,179.0,162.0,2.0,409.5351070592563,2.750512565774377,157.59276151657102,549.0,549.0
298.48708508667164,551.0,150.0,283.2221833971884,378.2743110743406,189.0,179.0,162.0,2.0,415.2964623609713,2.750512565774377,157.59276151657102,550.0,550.0
290.1032341349263,552.0,150.0,274.83833244544303,381.7311242553697,189.0,179.0,162.0,2.0,418.7532755420002,2.750512565774377,157.59276151657102,551.0,551.0
37.45295361382498,568.0,156.0,23.73573563292687,308.05060361495146,145.0,149.0,96.0,2.0,300.77364047388767,1.0830486720901622,62.05411791801453,567.0,567.0
39.86458012004709,569.0,156.0,26.14736213914899,312.59656679122287,145.0,149.0,96.0,2.0,305.31960365015914,1.0830486720901622,62.05411791801453,568.0,568.0
466.1395209943952,570.0,157.0,430.2833160520588,367.0682736135267,169.0,171.0,144.0,2.0,342.7681171084648,0.9751863411111276,55.874061584472656,569.0,569.0
470.76480574187576,571.0,157.0,434.9086007995393,373.89313327184936,169.0,171.0,144.0,2.0,349.5929767667874,0.9751863411111276,55.874061584472656,570.0,570.0
246.399359111014,572.0,158.0,238.62201006682253,75.39370674443339,109.0,118.0,68.0,2.0,62.9070596166621,0.5570541126140388,31.916849613189697,571.0,571.0
259.46505666139217,573.0,158.0,251.68770761720077,83.53171924012769,109.0,118.0,68.0,2.0,71.04507211235641,0.5570541126140388,31.916849613189697,572.0,572.0
260.3361031647507,574.0,158.0,252.55875412055929,84.07425340650731,109.0,118.0,68.0,2.0,71.58760627873602,0.5570541126140388,31.916849613189697,573.0,573.0
481.6394143138192,579.0,160.0,455.4669879240943,26.70229316762509,154.0,130.0,149.0,2.0,20.19380990010737,1.327063126831653,76.035116314888,578.0,578.0
264.9513334427906,597.0,167.0,240.6580029934837,105.95974913716547,193.0,222.0,156.0,2.0,98.76964435892808,1.283040574669939,73.51280987262727,596.0,596.0
269.2837719088672,598.0,167.0,244.99044145956032,120.59783335900468,193.0,222.0,156.0,2.0,113.40772858076728,1.283040574669939,73.51280987262727,597.0,597.0
271.5944057574414,599.0,167.0,247.3010753081345,128.40481161065225,193.0,222.0,156.0,2.0,121.21470683241483,1.283040574669939,73.51280987262727,598.0,598.0
491.06089474456667,602.0,169.0,483.0436307150305,25.28490483413521,148.0,164.0,127.0,2.0,37.61888197572947,2.565207237189357,146.9755482673645,601.0,601.0
483.4122227919028,603.0,169.0,475.39495876236674,30.25665253691121,148.0,164.0,127.0,2.0,42.59062967850548,2.565207237189357,146.9755482673645,602.0,602.0
113.12503179610606,609.0,172.0,86.53574983250763,-9.13175123145367,177.0,182.0,160.0,2.0,1.4135029340579708,1.948366448071693,111.63317441940308,608.0,608.0
107.53802391651598,610.0,172.0,80.9487419529176,4.955583745176393,177.0,182.0,160.0,2.0,15.500837910688036,1.948366448071693,111.63317441940308,609.0,609.0
101.95101603692596,611.0,172.0,75.36173407332753,19.04291872180645,177.0,182.0,160.0,2.0,29.58817288731809,1.948366448071693,111.63317441940308,610.0,610.0
96.36400815733587,612.0,172.0,69.77472619373748,33.13025369843652,177.0,182.0,160.0,2.0,43.67550786394816,1.948366448071693,111.63317441940308,611.0,611.0
92.26686904563653,613.0,172.0,65.6775870820381,43.46096601463191,177.0,182.0,160.0,2.0,54.006220180143536,1.948366448071693,111.63317441940308,612.0,612.0
166.26921426807183,614.0,173.0,155.15715122395187,495.79269856867256,152.0,155.0,107.0,2.0,461.59328561848434,0.3141592700403172,18.000000268220898,613.0,613.0
180.66384512399867,615.0,173.0,169.5517820798787,500.4697977282654,152.0,155.0,107.0,2.0,466.2703847780773,0.3141592700403172,18.000000268220898,614.0,614.0
184.50241335224587,616.0,173.0,173.3903503081259,501.7170241708235,152.0,155.0,107.0,2.0,467.5176112206354,0.3141592700403172,18.000000268220898,615.0,615.0
32.62760924831409,617.0,174.0,26.88221143333281,218.69833131374065,136.0,133.0,93.0,2.0,235.73534548160785,2.816338917123274,161.36433362960815,616.0,616.0
29.77082740446918,618.0,174.0,24.0254295894879,219.6617247817382,136.0,133.0,93.0,2.0,236.6987389496053,2.816338917123274,161.36433362960815,617.0,617.0
491.5417779305085,619.0,175.0,485.998654618337,352.0663758995881,139.0,139.0,114.0,2.0,368.30900537322486,2.812716123385088,161.15676283836362,618.0,618.0
488.5901162802657,620.0,175.0,483.0469929680944,353.07368968025764,139.0,139.0,114.0,2.0,369.3163191538944,2.812716123385088,161.15676283836362,619.0,619.0
384.0651148882417,623.0,177.0,346.5803788129073,447.3558910104212,138.0,135.0,108.0,2.0,422.55007293954,0.9861998437991504,56.50508880615234,622.0,622.0
388.4952223954492,624.0,177.0,351.01048632011504,454.0503451186681,138.0,135.0,108.0,2.0,429.244527047787,0.9861998437991504,56.50508880615234,623.0,623.0
536.3238070419693,629.0,179.0,505.9958822880037,316.6316401050044,187.0,182.0,161.0,2.0,300.55638293116834,1.0834002405629717,62.07426130771638,628.0,628.0
540.5961296535833,630.0,179.0,510.26820489961744,324.6918955204249,187.0,182.0,161.0,2.0,308.61663834658884,1.0834002405629717,62.07426130771638,629.0,629.0
234.3854152960944,631.0,180.0,210.3720455235642,244.4685215569449,135.0,152.0,92.0,2.0,227.46934126016623,0.9547847898646284,54.70513880252838,630.0,630.0
243.0575447462207,632.0,180.0,219.0441749736905,256.7189387868036,135.0,152.0,92.0,2.0,239.7197584900249,0.9547847898646284,54.70513880252838,631.0,631.0
251.72967419634705,633.0,180.0,227.71630442381684,268.96935601666235,135.0,152.0,92.0,2.0,251.97017571988368,0.9547847898646284,54.70513880252838,632.0,632.0
253.4641000863723,634.0,180.0,229.4507303138421,271.41943946263405,135.0,152.0,92.0,2.0,254.42025916585536,0.9547847898646284,54.70513880252838,633.0,633.0
69.27469061022839,635.0,181.0,27.98335937651113,105.03925673596922,175.0,169.0,174.0,2.0,69.07700844469798,0.8542707549144759,48.9461088180542,634.0,634.0
79.38422839033159,636.0,181.0,38.09289715661433,116.64688120141012,175.0,169.0,174.0,2.0,80.68463291013887,0.8542707549144759,48.9461088180542,635.0,635.0
80.0581975756718,637.0,181.0,38.76686634195454,117.4207228324395,175.0,169.0,174.0,2.0,81.45847454116827,0.8542707549144759,48.9461088180542,636.0,636.0
191.063129890852,640.0,183.0,162.82300679754033,276.87016546888543,167.0,174.0,133.0,2.0,320.89587768988594,2.5712542149216806,147.32201457023618,639.0,639.0
178.39387454405176,641.0,183.0,150.15375145074017,284.9968103871604,167.0,174.0,133.0,2.0,329.0225226081609,2.5712542149216806,147.32201457023618,640.0,640.0
165.72461919725163,642.0,183.0,137.48449610394002,293.12345530543536,167.0,174.0,133.0,2.0,337.14916752643603,2.5712542149216806,147.32201457023618,641.0,641.0
164.88000217413162,643.0,183.0,136.63987908081998,293.6652316333204,167.0,174.0,133.0,2.0,337.690943854321,2.5712542149216806,147.32201457023618,642.0,642.0
490.88949648462426,644.0,184.0,450.74566779113655,407.6838310340219,98.0,108.0,58.0,2.0,396.47167942260216,1.298437307617096,74.39497768878938,643.0,643.0
491.7284701244852,645.0,184.0,451.5846414309974,410.6876803614448,98.0,108.0,58.0,2.0,399.475528750025,1.298437307617096,74.39497768878938,644.0,644.0
325.0701383143054,650.0,186.0,271.1913623977651,430.8199544419612,141.0,136.0,120.0,2.0,428.269947380849,1.523503017501591,87.29029297828674,649.0,649.0
325.6066074808675,651.0,186.0,271.72783156432723,442.1549434512583,141.0,136.0,120.0,2.0,439.604936390146,1.523503017501591,87.29029297828674,650.0,650.0
519.3098742510101,652.0,187.0,487.4948527559303,33.897670081183485,165.0,142.0,164.0,2.0,46.78182004750944,1.955580389704175,112.04650282859802,651.0,651.0
515.1494785956364,653.0,187.0,483.33445710055673,44.17099642011099,165.0,142.0,164.0,2.0,57.05514638643693,1.955580389704175,112.04650282859802,652.0,652.0
469.0612478789668,654.0,188.0,432.430878424745,302.5339939734193,188.0,175.0,158.0,2.0,331.31354207400807,2.2367409794341464,128.1558179855347,653.0,653.0
468.435034984862,655.0,188.0,431.80466553064025,303.3310325366338,188.0,175.0,158.0,2.0,332.11058063722254,2.2367409794341464,128.1558179855347,654.0,654.0
196.6448068082961,659.0,190.0,139.75585551274963,17.858839808903404,141.0,140.0,115.0,2.0,11.824237625423727,1.4651146566148516,83.94488632678986,658.0,658.0
197.28398360962532,660.0,190.0,140.3950323140789,23.88443964373721,141.0,140.0,115.0,2.0,17.849837460257522,1.4651146566148516,83.94488632678986,659.0,659.0
238.9944596435426,667.0,194.0,202.92047136077232,23.43663611377933,178.0,180.0,147.0,2.0,10.24250260443091,1.2201580358169342,69.90990579128264,666.0,666.0
241.20528118406745,668.0,195.0,234.6711242034493,418.1100138782924,167.0,149.0,142.0,2.0,398.75155722601136,0.3255272904439971,18.65133985877037,667.0,667.0
249.84871124520785,669.0,195.0,243.3145542645897,421.02747418439736,167.0,149.0,142.0,2.0,401.66901753211647,0.3255272904439971,18.65133985877037,668.0,668.0
457.0555679327832,670.0,196.0,441.8568998908145,23.11296653514273,167.0,157.0,142.0,2.0,26.29365065053608,1.7770929615692188,101.81992650032043,669.0,669.0
439.4989201312084,671.0,197.0,400.3147166501629,251.5665375466051,116.0,131.0,80.0,2.0,237.3595841967284,1.2229688983177824,70.07095634937286,670.0,670.0
440.1992931544996,672.0,197.0,401.01508967345416,253.4982366506581,116.0,131.0,80.0,2.0,239.29128330078143,1.2229688983177824,70.07095634937286,671.0,671.0
296.0594786872265,673.0,198.0,258.53786123146307,220.7996220834437,157.0,159.0,119.0,2.0,196.04962668331348,0.9876883219830984,56.59037232398987,672.0,672.0
298.3732920642065,674.0,198.0,260.85167460844315,224.3074215392212,157.0,159.0,119.0,2.0,199.55742613909092,0.9876883219830984,56.59037232398987,673.0,673.0
11.875666395190615,675.0,199.0,-0.1884144226459509,128.27036029519508,169.0,162.0,155.0,2.0,108.82554025221462,0.5553037135771787,31.81655913591385,674.0,674.0
24.68487134555661,676.0,199.0,12.620790527720036,136.21752994715766,169.0,162.0,155.0,2.0,116.7727099041772,0.5553037135771787,31.81655913591385,675.0,675.0
37.4940762959226,677.0,199.0,25.429995478086017,144.16469959912018,169.0,162.0,155.0,2.0,124.71987955613972,0.5553037135771787,31.81655913591385,676.0,676.0
45.179599266142176,678.0,199.0,33.115518448305615,148.93300139029768,169.0,162.0,155.0,2.0,129.4881813473173,0.5553037135771787,31.81655913591385,677.0,677.0
36.811617408280895,682.0,201.0,23.14332231125508,182.1964609817988,140.0,172.0,95.0,2.0,179.70561756829994,1.3905392593245016,79.67203080654143,681.0,681.0
37.89796274304096,683.0,201.0,24.22966764601516,188.157690231421,140.0,172.0,95.0,2.0,185.66684681792216,1.3905392593245016,79.67203080654143,682.0,682.0
450.27597469683474,684.0,202.0,390.77847887218974,357.6356127273324,115.0,119.0,63.0,2.0,339.8056329834751,1.2796366802897894,73.31778109073639,683.0,683.0
310.1879881005236,685.0,203.0,299.091432728865,22.438765306365717,179.0,184.0,155.0,2.0,8.291825471468115,0.6651427862782975,38.109874427318566,684.0,684.0
315.0959293065021,686.0,203.0,303.9993739348435,26.288448841361745,179.0,184.0,155.0,2.0,12.141509006464146,0.6651427862782975,38.109874427318566,685.0,685.0
549.8014314016232,691.0,206.0,528.6057711552075,325.4771383504005,118.0,134.0,79.0,2.0,292.4678453525168,0.5708099898301111,32.70500332117081,690.0,690.0
161.57565401531167,696.0,208.0,147.43302832279537,114.75680280244872,159.0,141.0,128.0,2.0,71.23027722948201,0.3141592700403172,18.000000268220898,695.0,695.0
169.4166503013122,697.0,208.0,155.27402460879588,117.3044969744409,159.0,141.0,128.0,2.0,73.77797140147419,0.3141592700403172,18.000000268220898,696.0,696.0
97.16348024047112,698.0,209.0,56.09399408083092,353.76665864565086,153.0,127.0,142.0,2.0,386.1559345788186,2.238575502112237,128.26092839241028,697.0,697.0
87.85810308880406,699.0,209.0,46.788616929163815,365.5658436267907,153.0,127.0,142.0,2.0,397.9551195599584,2.238575502112237,128.26092839241028,698.0,698.0
85.99702765847063,700.0,209.0,44.92754149883041,367.92568062301865,153.0,127.0,142.0,2.0,400.3149565561863,2.238575502112237,128.26092839241028,699.0,699.0
60.26166250844382,701.0,210.0,31.8905468573918,306.377938854456,167.0,146.0,149.0,2.0,310.0210278555113,1.6985058449918005,97.3172163963318,700.0,700.0
59.23925239276782,702.0,210.0,30.8681367417158,314.3401148063052,167.0,146.0,149.0,2.0,317.9832038073605,1.6985058449918005,97.3172163963318,701.0,701.0
384.46607959451006,706.0,212.0,363.65846302083537,-0.8853023314477815,178.0,178.0,160.0,2.0,30.42516011422272,2.5550513555961243,146.39365911483762,705.0,705.0
371.7145508219445,707.0,212.0,350.9069342482697,7.588827422723707,178.0,178.0,160.0,2.0,38.89928986839421,2.5550513555961243,146.39365911483762,706.0,706.0
359.81312396754987,708.0,212.0,339.0055073938752,15.498015193283765,178.0,178.0,160.0,2.0,46.80847763895426,2.5550513555961243,146.39365911483762,707.0,707.0
362.86971708338143,709.0,213.0,342.04699832336445,353.6984921372885,158.0,158.0,119.0,2.0,361.00070354211175,1.9080811015453083,109.32499408721924,708.0,708.0
380.793310574504,715.0,216.0,295.80213575706813,168.45186234106762,134.0,143.0,98.0,2.0,192.26418542185857,1.8439664345692213,105.65149426460266,714.0,714.0
377.7318735553543,716.0,216.0,292.74069873791854,179.37877308406058,134.0,143.0,98.0,2.0,203.1910961648516,1.8439664345692213,105.65149426460266,715.0,715.0
63.463109490720775,717.0,217.0,45.362569840170906,114.67506781267328,161.0,166.0,141.0,2.0,145.74673103807638,2.6141090541691794,149.77741599082947,716.0,716.0
59.94556633303649,718.0,217.0,41.84502668248661,116.72418339867548,161.0,166.0,141.0,2.0,147.79584662407856,2.6141090541691794,149.77741599082947,717.0,717.0
475.1302313027971,727.0,223.0,452.8767849276599,129.24418265442245,135.0,137.0,92.0,2.0,150.90634254664909,2.342731149778748,134.22860741615295,726.0,726.0
473.0273031563845,728.0,223.0,450.7738567812472,131.4045119553688,135.0,137.0,92.0,2.0,153.06667184759544,2.342731149778748,134.22860741615295,727.0,727.0
486.045968744164,729.0,224.0,466.33046827505166,203.66226954256268,175.0,177.0,159.0,2.0,178.6184415932833,0.6669118170398152,38.21123242378236,728.0,728.0
99.35706876708056,733.0,226.0,90.69524529146706,69.01946408462773,152.0,150.0,141.0,2.0,43.47873050772295,0.3269652803991936,18.73373061418533,732.0,732.0
113.5808953985348,734.0,226.0,104.91907192292128,73.84329872737247,152.0,150.0,141.0,2.0,48.30256515046769,0.3269652803991936,18.73373061418533,733.0,733.0
121.16693626864377,735.0,226.0,112.50511279303024,76.41601053683635,152.0,150.0,141.0,2.0,50.87527695993155,0.3269652803991936,18.73373061418533,734.0,734.0
167.0437096910759,736.0,227.0,155.67909975958955,475.9951973734789,154.0,162.0,127.0,2.0,441.0185250380592,0.3141592700403172,18.000000268220898,735.0,735.0
172.80654718698975,737.0,227.0,161.44193725550346,477.8676568119168,154.0,162.0,127.0,2.0,442.8909844764971,0.3141592700403172,18.000000268220898,736.0,736.0
568.3937901252817,749.0,233.0,554.6102408038761,203.0167402368707,130.0,122.0,114.0,2.0,181.75933495904744,0.5752578225516257,32.95984536409378,748.0,748.0
581.1243900439235,750.0,233.0,567.3408407225178,211.2714095898017,130.0,122.0,114.0,2.0,190.01400431197848,0.5752578225516257,32.95984536409378,749.0,749.0
587.0653366726232,751.0,233.0,573.2817873512173,215.1235886211696,130.0,122.0,114.0,2.0,193.8661833433464,0.5752578225516257,32.95984536409378,750.0,750.0
259.7425975822804,752.0,234.0,249.317062006212,310.79659663755973,166.0,162.0,130.0,2.0,321.17502246235586,2.3539300334457747,134.87025618553162,751.0,751.0
127.96804335103192,754.0,236.0,120.73026507286686,336.4967542520552,119.0,129.0,84.0,2.0,348.3559767124896,2.5936282010594387,148.60394954681396,753.0,753.0
115.0243582313696,755.0,236.0,107.78657995320457,344.3963887610673,119.0,129.0,84.0,2.0,356.25561122150185,2.5936282010594387,148.60394954681396,754.0,754.0
102.08067311170733,756.0,236.0,94.84289483354227,352.2960232700797,119.0,129.0,84.0,2.0,364.15524573051385,2.5936282010594387,148.60394954681396,755.0,755.0
90.86281267466664,757.0,236.0,83.6250343965016,359.1423731778901,119.0,129.0,84.0,2.0,371.0015956383245,2.5936282010594387,148.60394954681396,756.0,756.0
422.4788224861522,759.0,238.0,415.1549627525277,359.5916307726557,164.0,187.0,133.0,2.0,337.0511086009407,0.3141592700403172,18.000000268220898,758.0,758.0
290.74525680764333,777.0,248.0,281.45174691631166,11.689582416587204,175.0,189.0,154.0,2.0,23.09283583604532,2.4577795216166565,140.82039356231692,776.0,776.0
395.4412743908794,778.0,249.0,363.8302719225437,468.00259968980833,129.0,121.0,104.0,2.0,454.6257003467602,1.1704748099225804,67.0632666349411,777.0,777.0
592.2978846465694,779.0,250.0,563.7885445700108,116.63302488062028,124.0,127.0,99.0,2.0,100.63687346856298,1.059482723708106,60.70388853549957,778.0,778.0
596.7617482457255,780.0,250.0,568.2524081691668,124.58880137494528,124.0,127.0,99.0,2.0,108.59264996288796,1.059482723708106,60.70388853549957,779.0,779.0
579.5186935390155,781.0,251.0,570.1744566870295,212.1355637329545,124.0,124.0,93.0,2.0,240.8941603303689,2.8274333133294083,161.9999957084656,780.0,780.0
576.6513994581841,782.0,251.0,567.3071626061982,213.0672042921464,124.0,124.0,93.0,2.0,241.82580088956072,2.8274333133294083,161.9999957084656,781.0,781.0
302.9343731269932,783.0,252.0,284.1375903642778,285.816139663689,110.0,107.0,67.0,2.0,285.89644707922474,1.575068702973656,90.24478912353516,782.0,782.0
302.8697995951318,784.0,252.0,284.07301683241656,300.93024391571964,110.0,107.0,67.0,2.0,301.0105513312554,1.575068702973656,90.24478912353516,783.0,783.0
302.8052260632705,785.0,252.0,284.00844330055526,316.04434816775034,110.0,107.0,67.0,2.0,316.124655583286,1.575068702973656,90.24478912353516,784.0,784.0
302.775091748402,786.0,252.0,283.9783089856867,323.09759681869787,110.0,107.0,67.0,2.0,323.1779042342337,1.575068702973656,90.24478912353516,785.0,785.0
345.08735260210085,497.0,131.0,338.26858516957043,132.33951295175245,51.0,66.0,22.0,2.0,153.32551587419002,2.8274333133294083,161.9999957084656,496.0,496.0
330.7248631953952,498.0,131.0,323.9060957628649,137.00616983627037,51.0,66.0,22.0,2.0,157.9921727587079,2.8274333133294083,161.9999957084656,497.0,497.0
316.36237378868964,499.0,131.0,309.54360635615933,141.6728267207883,51.0,66.0,22.0,2.0,162.65882964322583,2.8274333133294083,161.9999957084656,498.0,498.0
304.8723822633252,500.0,131.0,298.05361483079486,145.4061522284026,51.0,66.0,22.0,2.0,166.39215515084015,2.8274333133294083,161.9999957084656,499.0,499.0
147.53667688593768,566.0,155.0,134.68788262647314,475.14625512725337,68.0,92.0,41.0,2.0,469.86089063197954,1.180543056871193,67.64013469219208,565.0,565.0
153.0353363274001,567.0,155.0,140.1865420679355,488.5135723537927,68.0,92.0,41.0,2.0,483.2282078585188,1.180543056871193,67.64013469219208,566.0,566.0
255.97967412141327,575.0,159.0,247.3930799509569,467.16166859902137,46.0,58.0,0.0,2.0,440.73484950114886,0.3141592700403172,18.000000268220898,574.0,574.0
270.2543497202074,576.0,159.0,261.667755549751,471.79979193228434,46.0,58.0,0.0,2.0,445.3729728344117,0.3141592700403172,18.000000268220898,575.0,575.0
284.5290253190016,577.0,159.0,275.9424311485452,476.4379152655473,46.0,58.0,0.0,2.0,450.0110961676746,0.3141592700403172,18.000000268220898,576.0,576.0
287.3839604387604,578.0,159.0,278.7973662683041,477.3655399321999,46.0,58.0,0.0,2.0,450.9387208343272,0.3141592700403172,18.000000268220898,577.0,577.0
522.3485757384636,665.0,193.0,507.9276919443422,351.2878523387567,64.0,94.0,11.0,2.0,348.38240482673586,1.3719829042063991,78.60882997512817,664.0,664.0
523.1525981213131,666.0,193.0,508.7317143271917,355.2785330524754,64.0,94.0,11.0,2.0,352.3730855404544,1.3719829042063991,78.60882997512817,665.0,665.0
159.56062901844086,679.0,200.0,153.49950241174722,341.0887684389725,83.0,106.0,37.0,2.0,359.7429932589169,2.8274333133294083,161.9999957084656,678.0,678.0
145.04202559644503,680.0,200.0,138.98089898975138,345.80614985484385,83.0,106.0,37.0,2.0,364.4603746747883,2.8274333133294083,161.9999957084656,679.0,679.0
137.29877043804726,681.0,200.0,131.23764383135358,348.3220866099752,83.0,106.0,37.0,2.0,366.9763114299197,2.8274333133294083,161.9999957084656,680.0,680.0
42.9138859341514,720.0,219.0,1.2611491869093032,203.26628491335472,64.0,93.0,23.0,2.0,194.835164473808,1.3710801550147,78.55710625648499,719.0,719.0
43.11497795604278,721.0,219.0,1.4622412088006669,204.25975109734176,64.0,93.0,23.0,2.0,195.828630657795,1.3710801550147,78.55710625648499,720.0,720.0
186.3960676012109,738.0,228.0,164.3368899460046,241.36627974625168,76.0,109.0,15.0,2.0,262.0487438589941,2.3239954994208496,133.15513372421265,737.0,737.0
185.702779978998,739.0,228.0,163.6436023237916,242.10571556691528,76.0,109.0,15.0,2.0,262.7881796796577,2.3239954994208496,133.15513372421265,738.0,738.0
262.7671327782608,450.0,114.0,194.95198099989983,396.4548331583976,99.0,110.0,47.0,2.0,394.9213652288418,1.5481877120039131,88.7046217918396,449.0,449.0
262.8363568603654,451.0,114.0,195.02120508200449,399.5161568053812,99.0,110.0,47.0,2.0,397.98268887582543,1.5481877120039131,88.7046217918396,450.0,450.0
184.4086547852312,466.0,120.0,159.47765383746608,270.5354387519292,92.0,110.0,30.0,2.0,275.0419565632541,1.7496249308326273,100.24612426757812,465.0,465.0
181.73569692148445,467.0,120.0,156.8046959737193,285.3228018168085,92.0,110.0,30.0,2.0,289.8293196281334,1.7496249308326273,100.24612426757812,466.0,466.0
181.20110534873515,468.0,120.0,156.27010440097,288.2802744297844,92.0,110.0,30.0,2.0,292.78679224110925,1.7496249308326273,100.24612426757812,467.0,467.0
104.4740801278988,543.0,147.0,76.75351910367941,260.31373520037533,107.0,112.0,53.0,2.0,242.98659382907957,1.012150559310615,57.99195528030396,542.0,542.0
112.13529650597654,544.0,147.0,84.41473548175712,272.570414567006,107.0,112.0,53.0,2.0,255.24327319571023,1.012150559310615,57.99195528030396,543.0,543.0
539.0925356088735,558.0,152.0,530.349201278364,214.2108928675961,81.0,76.0,54.0,2.0,188.6979478718874,0.3301584209491716,18.91668409109116,557.0,557.0
553.5985114084432,559.0,152.0,544.8551770779336,219.1821181113792,81.0,76.0,54.0,2.0,193.6691731156705,0.3301584209491716,18.91668409109116,558.0,558.0
559.400901728271,560.0,152.0,550.6575673977616,221.1706082088924,81.0,76.0,54.0,2.0,195.6576632131837,0.3301584209491716,18.91668409109116,559.0,559.0
259.6888926131073,561.0,153.0,248.97711721261487,283.96674843275065,93.0,105.0,36.0,2.0,310.4893834550177,2.7577519738847838,158.0075490474701,560.0,560.0
255.792483780548,562.0,153.0,245.0807083800556,285.5404026434967,93.0,105.0,36.0,2.0,312.0630376657637,2.7577519738847838,158.0075490474701,561.0,561.0
198.15417222988893,563.0,154.0,150.64206664663925,106.63170433887892,97.0,115.0,52.0,2.0,118.75949552863833,1.820716476492288,104.31936979293825,562.0,562.0
194.40019536592135,564.0,154.0,146.88808978267176,121.3383679289072,97.0,115.0,52.0,2.0,133.46615911866658,1.820716476492288,104.31936979293825,563.0,563.0
190.64621850195388,565.0,154.0,143.13411291870423,136.04503151893545,97.0,115.0,52.0,2.0,148.17282270869484,1.820716476492288,104.31936979293825,564.0,564.0
252.2632653098318,583.0,162.0,226.04415316925187,204.3574234710647,90.0,110.0,47.0,2.0,148.95378080011653,0.4420097667266839,25.32529413700104,582.0,582.0
265.95591392713743,584.0,162.0,239.73680178655744,210.83730588116015,90.0,110.0,47.0,2.0,155.43366321021205,0.4420097667266839,25.32529413700104,583.0,583.0
276.9100328209819,585.0,162.0,250.69092068040192,216.02121180923655,90.0,110.0,47.0,2.0,160.61756913828842,0.4420097667266839,25.32529413700104,584.0,584.0
130.65788197895478,586.0,163.0,120.93850436428086,119.30423584800812,108.0,121.0,46.0,2.0,109.37648229781736,0.7747926393033716,44.3923482298851,585.0,585.0
134.98772812482238,587.0,163.0,125.2683505101485,123.54320184292034,108.0,121.0,46.0,2.0,113.61544829272955,0.7747926393033716,44.3923482298851,586.0,586.0
32.439319754121264,591.0,165.0,19.274913822485736,322.89536063780633,91.0,75.0,61.0,2.0,309.478061804702,0.7758846549844937,44.4549161195755,590.0,590.0
334.1022908850489,600.0,168.0,297.6266581311804,388.7796584353828,105.0,127.0,42.0,2.0,357.2434859740084,0.8578973873497023,49.15389955043793,599.0,599.0
337.46795246114965,601.0,168.0,300.99231970728107,392.67247820525256,105.0,127.0,42.0,2.0,361.1363057438781,0.8578973873497023,49.15389955043793,600.0,600.0
367.3769274186943,607.0,171.0,336.45480421668105,233.77912397439164,120.0,138.0,57.0,2.0,257.91813253276285,2.2336196506068435,127.97697901725768,606.0,606.0
361.61949331220586,608.0,171.0,330.69737011019265,241.15440976286152,120.0,138.0,57.0,2.0,265.2934183212327,2.2336196506068435,127.97697901725768,607.0,607.0
150.4465400893983,638.0,182.0,141.85994591894195,407.2123989668385,97.0,118.0,39.0,2.0,380.7855798689658,0.3141592700403172,18.000000268220898,637.0,637.0
154.3181677569318,639.0,182.0,145.73157358647546,408.47036707253824,97.0,118.0,39.0,2.0,382.0435479746656,0.3141592700403172,18.000000268220898,638.0,638.0
213.22385719507517,646.0,185.0,201.6067003762224,136.80586560737407,125.0,139.0,54.0,2.0,101.05193388672284,0.3141592700403172,18.000000268220898,645.0,645.0
227.73227959927016,647.0,185.0,216.11512278041752,141.51993788285304,125.0,139.0,54.0,2.0,105.76600616220183,0.3141592700403172,18.000000268220898,646.0,646.0
242.2407020034653,648.0,185.0,230.62354518461265,146.234010158332,125.0,139.0,54.0,2.0,110.4800784376808,0.3141592700403172,18.000000268220898,647.0,647.0
243.20793016374495,649.0,185.0,231.59077334489228,146.54828164336396,125.0,139.0,54.0,2.0,110.79434992271273,0.3141592700403172,18.000000268220898,648.0,648.0
109.7175216154858,663.0,192.0,98.33443273251446,276.1308553686118,91.0,111.0,46.0,2.0,268.1651865798456,0.9602173888170378,55.01640379428864,662.0,662.0
117.83200255938792,664.0,192.0,106.44891367641657,287.7265995895966,91.0,111.0,46.0,2.0,279.7609308008304,0.9602173888170378,55.01640379428864,663.0,663.0
320.0125266375191,687.0,204.0,279.96908433294686,367.817556161501,113.0,125.0,64.0,2.0,367.3937190699653,1.5602122900415685,89.39357936382294,686.0,686.0
386.0862793676598,724.0,221.0,374.1612216781936,143.3358248560371,80.0,98.0,34.0,2.0,155.6785242113117,2.3734025263818377,135.9859478473663,723.0,723.0
383.0641938455426,725.0,221.0,371.1391361560764,146.2556516424157,80.0,98.0,34.0,2.0,158.59835099769026,2.3734025263818377,135.9859478473663,724.0,724.0
239.2285837545374,760.0,239.0,209.66936105444023,156.02937526648589,93.0,106.0,43.0,2.0,142.06829776636417,1.129546153948347,64.71822738647461,759.0,759.0
240.56053545534,761.0,239.0,211.00131275524285,158.84946253764772,93.0,106.0,43.0,2.0,144.88838503752606,1.129546153948347,64.71822738647461,760.0,760.0
277.37722481878404,762.0,240.0,260.4269985132682,345.66006320338766,88.0,102.0,43.0,2.0,362.225203992502,2.3447051763248767,134.34171080589294,761.0,761.0
487.03556360638464,765.0,242.0,474.067200232096,318.54304111264764,108.0,126.0,63.0,2.0,283.25673332292257,0.3521952805413989,20.17930313944817,764.0,764.0
501.2768328583963,766.0,242.0,488.30846948410766,323.7769679851256,108.0,126.0,63.0,2.0,288.4906601954005,0.3521952805413989,20.17930313944817,765.0,765.0
507.9227585093351,767.0,242.0,494.9543951350464,326.219467192282,108.0,126.0,63.0,2.0,290.9331594025569,0.3521952805413989,20.17930313944817,766.0,766.0
386.9108119873485,768.0,243.0,376.05129348368894,164.7762095511387,79.0,96.0,52.0,2.0,198.19836235353924,2.8274333133294083,161.9999957084656,767.0,767.0
372.349632015728,769.0,243.0,361.49011351206855,169.50742493010642,79.0,96.0,52.0,2.0,202.92957773250703,2.8274333133294083,161.9999957084656,768.0,768.0
369.4373960214039,770.0,243.0,358.57787751774435,170.4536680059,79.0,96.0,52.0,2.0,203.8758208083005,2.8274333133294083,161.9999957084656,769.0,769.0
144.57393953409766,772.0,245.0,135.31386465856977,485.6655742540901,64.0,56.0,31.0,2.0,475.30808396591857,0.7295159567306633,41.798185408115394,771.0,771.0
198.08957167559743,773.0,246.0,161.84124860725402,190.67029826169795,85.0,104.0,24.0,2.0,196.8816621447069,1.7405039994120803,99.72353339195251,772.0,772.0
520.3939874867541,741.0,229.0,503.8455204916351,376.44869407456696,93.0,94.0,78.0,2.0,385.3634981453897,2.0649293263320163,118.31173539161682,740.0,740.0
513.1935757159353,742.0,229.0,496.6451087208162,389.8147507589365,93.0,94.0,78.0,2.0,398.7295548297592,2.0649293263320163,118.31173539161682,741.0,741.0
509.3533561048319,743.0,229.0,492.8048891097128,396.9433143239336,93.0,94.0,78.0,2.0,405.85811839475616,2.0649293263320163,118.31173539161682,742.0,742.0
26.85759139227365,758.0,237.0,14.315691983230296,308.6108411894159,97.0,94.0,79.0,2.0,321.49378367247994,2.369607459410637,135.76850652694702,757.0,757.0
