num_physical_stroke,end_point_x,b,g,start_point_x,num_brush,num_stroke,start_point_y,theta_rad,theta_deg,r,end_point_y,Unnamed: 0,Unnamed: 0.1
897.0,66.96631166249429,126.0,108.0,38.68641161138419,4.0,305.0,409.8391014870561,2.136923995690404,122.43672609329224,232.0,427.81150987769,896.0,896.0
919.0,348.0577029713458,145.0,69.0,312.86806683686814,4.0,312.0,135.15214261902972,2.0683824683863863,118.50958585739136,197.0,154.26617982216453,918.0,918.0
920.0,343.26820756789846,145.0,69.0,308.07857143342085,4.0,312.0,143.9697774663356,2.0683824683863863,118.50958585739136,197.0,163.08381466947046,919.0,919.0
921.0,341.8313589468643,145.0,69.0,306.6417228123866,4.0,312.0,146.6150679205274,2.0683824683863863,118.50958585739136,197.0,165.72910512366224,920.0,920.0
940.0,525.7505917266893,130.0,89.0,503.3132783030526,4.0,318.0,166.55244470874476,1.2428375260630218,71.20934486389159,236.0,158.91824353895203,939.0,939.0
945.0,38.72860281338957,111.0,54.0,1.743378436025738,4.0,321.0,390.4743808570104,2.564913061918634,146.9586932659149,248.0,447.3368422209819,944.0,944.0
946.0,32.700033783425724,111.0,54.0,-4.285190593938092,4.0,321.0,394.3955614197096,2.564913061918634,146.9586932659149,248.0,451.2580227836811,945.0,945.0
965.0,362.20006403482034,99.0,151.0,350.80543851769875,4.0,328.0,162.5900316016573,2.3176713864875897,132.79278874397278,243.0,173.13890694533427,964.0,964.0
966.0,356.55003315087885,99.0,151.0,345.15540763375725,4.0,328.0,168.69305054777408,2.3176713864875897,132.79278874397278,243.0,179.24192589145105,965.0,965.0
982.0,564.9487224064991,108.0,126.0,541.2325580438936,4.0,334.0,123.33143883695584,2.2726262428851243,130.21189212799072,255.0,143.38159082374597,981.0,981.0
983.0,558.4703264807431,108.0,126.0,534.7541621181376,4.0,334.0,130.99435843389895,2.2726262428851243,130.21189212799072,255.0,151.04451042068908,982.0,982.0
984.0,556.5268077030164,108.0,126.0,532.8106433404108,4.0,334.0,133.29323431298192,2.2726262428851243,130.21189212799072,255.0,153.34338629977202,983.0,983.0
1030.0,505.59787723327736,181.0,131.0,499.6517882908693,4.0,350.0,198.8411874321349,2.7486278591544955,157.48477578163147,231.0,213.1855343319017,1029.0,1029.0
1031.0,496.3143674978663,181.0,131.0,490.3682785554583,4.0,350.0,202.68943336275743,2.7486278591544955,157.48477578163147,231.0,217.03378026252423,1030.0,1030.0
1032.0,487.0308577624553,181.0,131.0,481.0847688200472,4.0,350.0,206.53767929338,2.7486278591544955,157.48477578163147,231.0,220.88202619314683,1031.0,1031.0
1033.0,481.4607519212087,181.0,131.0,475.5146629788007,4.0,350.0,208.8466268517536,2.7486278591544955,157.48477578163147,231.0,223.19097375152032,1032.0,1032.0
1038.0,79.7937529754397,117.0,39.0,75.24790900284519,4.0,352.0,291.4805931481838,0.3141592700403172,18.000000268220898,179.0,277.489924214016,1037.0,1037.0
1039.0,88.78592046132398,117.0,39.0,84.24007648872946,4.0,352.0,294.40232552271215,0.3141592700403172,18.000000268220898,179.0,280.4116565885444,1038.0,1038.0
1040.0,87.06615891530912,140.0,76.0,70.39558706743095,4.0,353.0,407.6818857880552,2.361444704221976,135.30081510543823,222.0,424.52843129258247,1039.0,1039.0
1041.0,85.58823821330729,140.0,76.0,68.91766636542914,4.0,353.0,409.1443686004257,2.361444704221976,135.30081510543823,222.0,425.99091410495294,1040.0,1040.0
1061.0,434.033805374236,113.0,49.0,412.5693300641011,4.0,360.0,158.16664218046412,2.0751930659493976,118.899804353714,211.0,170.01557351137643,1060.0,1060.0
1062.0,429.6072280395217,113.0,49.0,408.1427527293869,4.0,360.0,166.1854379060749,2.0751930659493976,118.899804353714,211.0,178.0343692369872,1061.0,1061.0
1079.0,545.2860257783465,176.0,138.0,530.064733127601,4.0,366.0,130.19204782813014,2.30106911541636,131.84154868125916,253.0,143.82132886001014,1078.0,1078.0
1080.0,543.8990425515118,176.0,138.0,528.6777499007666,4.0,366.0,131.7410420522525,2.30106911541636,131.84154868125916,253.0,145.37032308413254,1079.0,1079.0
1103.0,382.4361211518348,179.0,126.0,376.8800896297748,4.0,376.0,175.0195580247446,0.3141592700403172,18.000000268220898,241.0,157.91985154965053,1102.0,1102.0
1104.0,392.0191201552211,179.0,126.0,386.4630886331611,4.0,376.0,178.13326319952247,0.3141592700403172,18.000000268220898,241.0,161.0335567244284,1103.0,1103.0
1105.0,397.7689195572529,179.0,126.0,392.21288803519286,4.0,376.0,180.0014863043892,0.3141592700403172,18.000000268220898,241.0,162.90177982929515,1104.0,1104.0
1106.0,222.0117304850781,160.0,58.0,200.33614339976288,4.0,377.0,410.4582920665071,1.7591838482227624,100.79380989074708,218.0,414.59070449345705,1105.0,1105.0
1107.0,220.10374860545173,160.0,58.0,198.4281615201365,4.0,377.0,420.4661574768744,1.7591838482227624,100.79380989074708,218.0,424.5985699038243,1106.0,1106.0
1108.0,218.19576672582545,160.0,58.0,196.52017964051015,4.0,377.0,430.4740228872416,1.7591838482227624,100.79380989074708,218.0,434.6064353141915,1107.0,1107.0
1121.0,602.9106146359112,139.0,57.0,571.2970929356933,4.0,382.0,130.33837231799168,2.231702361875501,127.86712646484376,231.0,154.91970985665318,1120.0,1120.0
1122.0,597.1068760449185,139.0,57.0,565.4933543447005,4.0,382.0,137.80243384841765,2.231702361875501,127.86712646484376,231.0,162.38377138707915,1121.0,1121.0
1149.0,332.5233360413266,130.0,53.0,299.87931204846456,4.0,392.0,155.8503678024917,1.6240431743169663,93.05081963539124,178.0,157.59020375791613,1148.0,1148.0
1150.0,331.9823366848329,130.0,53.0,299.3383126919708,4.0,392.0,166.0009776450131,1.6240431743169663,93.05081963539124,178.0,167.7408136004376,1149.0,1149.0
1151.0,331.60363713528733,130.0,53.0,298.9596131424252,4.0,392.0,173.10640453477814,1.6240431743169663,93.05081963539124,178.0,174.8462404902026,1150.0,1150.0
1152.0,171.48387028129704,157.0,55.0,163.68515940338526,4.0,393.0,412.7949476417722,2.3916337157726257,137.03051805496216,199.0,421.166977070981,1151.0,1151.0
1153.0,165.39830433496857,157.0,55.0,157.59959345705678,4.0,393.0,418.46377259576747,2.3916337157726257,137.03051805496216,199.0,426.8358020249762,1152.0,1152.0
1173.0,137.83640529705156,134.0,66.0,125.2960255361394,4.0,400.0,355.4387372480724,1.0206898813162242,58.48122239112855,174.0,347.74832827970346,1172.0,1172.0
1174.0,140.07244573751942,134.0,66.0,127.53206597660729,4.0,400.0,359.0849407724308,1.0206898813162242,58.48122239112855,174.0,351.3945318040619,1173.0,1173.0
1183.0,475.5731967690338,158.0,115.0,463.7349486018744,4.0,404.0,96.01968369236178,2.550670185125646,146.14263653755188,242.0,113.66520572864736,1182.0,1182.0
1184.0,467.07817419620886,158.0,115.0,455.2399260290492,4.0,404.0,101.71893051520578,2.550670185125646,146.14263653755188,242.0,119.3644525514914,1183.0,1183.0
1185.0,462.8306629097964,158.0,115.0,450.9924147426368,4.0,404.0,104.5685539266278,2.550670185125646,146.14263653755188,242.0,122.2140759629134,1184.0,1184.0
1198.0,378.0387807119022,178.0,114.0,355.55588857645387,4.0,408.0,146.0372223716698,2.3586226065102784,135.13912081718442,255.0,168.6295626295198,1197.0,1197.0
1199.0,372.3401355076196,178.0,114.0,349.8572433721713,4.0,408.0,151.70826060780638,2.3586226065102784,135.13912081718442,255.0,174.30060086565635,1198.0,1198.0
1211.0,555.4303725344888,158.0,106.0,536.5302525551384,4.0,414.0,147.1246954587076,1.3001304538920058,74.49198782444,249.0,141.8803819534371,1210.0,1210.0
1212.0,558.1858235232161,158.0,106.0,539.2857035438657,4.0,414.0,157.05513806703482,1.3001304538920058,74.49198782444,249.0,151.81082456176426,1211.0,1211.0
1213.0,559.0124588198341,158.0,106.0,540.1123388404837,4.0,414.0,160.0342708495329,1.3001304538920058,74.49198782444,249.0,154.7899573442624,1212.0,1212.0
1215.0,137.7470651384983,128.0,68.0,116.16766657913097,4.0,416.0,338.65877432678553,0.8547659468326355,48.974481225013726,171.0,319.8832088607082,1214.0,1214.0
1216.0,144.51848299797456,128.0,68.0,122.9390844386072,4.0,416.0,346.44139611070267,0.8547659468326355,48.974481225013726,171.0,327.6658306446254,1215.0,1215.0
1217.0,148.5813337136603,128.0,68.0,127.001935154293,4.0,416.0,351.110969181053,0.8547659468326355,48.974481225013726,171.0,332.3354037149757,1216.0,1216.0
1218.0,137.28887451608452,137.0,51.0,120.63824071185095,4.0,417.0,422.8224394991249,1.8156248661891383,104.02764201164246,208.0,426.9824421660842,1217.0,1217.0
1219.0,135.8147354491338,137.0,51.0,119.16410164490028,4.0,417.0,428.7227601828742,1.8156248661891383,104.02764201164246,208.0,432.8827628498334,1218.0,1218.0
1245.0,561.4122734067688,175.0,75.0,533.2230505481535,4.0,430.0,185.39956003170167,2.3398174850986333,134.06166672706604,228.0,212.6802702887485,1244.0,1244.0
1246.0,559.3100873140988,175.0,75.0,531.1208644554837,4.0,430.0,187.57175392614948,2.3398174850986333,134.06166672706604,228.0,214.85246418319613,1245.0,1245.0
1259.0,321.8039229008952,136.0,53.0,311.61703700396345,4.0,437.0,389.8256453196413,0.8230417373462582,47.15681791305542,174.0,380.3782145846295,1258.0,1258.0
1260.0,325.93943158030214,136.0,53.0,315.75254568337044,4.0,437.0,394.2848423462748,0.8230417373462582,47.15681791305542,174.0,384.8374116112631,1259.0,1259.0
1278.0,560.2042258803634,158.0,127.0,548.3201998638418,4.0,444.0,264.519915339203,1.140477358716902,65.34453928470612,234.0,259.0650625736031,1277.0,1277.0
1281.0,539.1350135549011,69.0,70.0,521.9836878098496,4.0,446.0,197.83378491485453,1.8755280143785629,107.45983958244324,201.0,203.22836302585003,1280.0,1280.0
1282.0,536.2981841648523,69.0,70.0,519.1468584198008,4.0,446.0,206.8530972597241,1.8755280143785629,107.45983958244324,201.0,212.2476753707196,1281.0,1281.0
1283.0,43.71096948463651,138.0,55.0,28.91077483319156,4.0,447.0,219.1893947175821,0.7705379585816988,44.14857298135757,184.0,203.94266372764068,1282.0,1282.0
1284.0,72.66378360636442,140.0,42.0,66.51149116456156,4.0,448.0,265.5854843909436,0.5677204004734558,32.527982890605934,193.0,255.938719864361,1283.0,1283.0
1285.0,77.04638448823692,140.0,42.0,70.89409204643408,4.0,448.0,268.3805191621027,0.5677204004734558,32.527982890605934,193.0,258.73375463552014,1284.0,1284.0
1303.0,437.5219552615581,134.0,74.0,430.8475104665957,4.0,456.0,229.94296326941296,0.679263995100469,38.918960094451904,214.0,221.6768318538671,1302.0,1302.0
1304.0,438.31609750587,134.0,74.0,431.6416527109077,4.0,456.0,230.5841892919075,0.679263995100469,38.918960094451904,214.0,222.3180578763616,1303.0,1303.0
1318.0,15.320171105689631,92.0,47.0,8.394194206068429,4.0,464.0,366.5284892199125,0.319272227244079,18.29295113682747,182.0,345.5776240362164,1317.0,1317.0
1319.0,24.908818448711877,92.0,47.0,17.982841549090665,4.0,464.0,369.6983225138648,0.319272227244079,18.29295113682747,182.0,348.7474573301687,1318.0,1318.0
1320.0,25.867683183014087,92.0,47.0,18.94170628339289,4.0,464.0,370.01530584326,0.319272227244079,18.29295113682747,182.0,349.0644406595639,1319.0,1319.0
1342.0,268.36601896469114,110.0,57.0,243.1963689938324,4.0,473.0,460.2693726258329,1.6851174059838616,96.55011534690856,223.0,463.159395356834,1341.0,1341.0
1343.0,267.89843578249787,110.0,57.0,242.72878581163909,4.0,473.0,464.3416260727767,1.6851174059838616,96.55011534690856,223.0,467.2316488037778,1342.0,1342.0
1350.0,554.3657435641087,108.0,49.0,549.9977184214092,4.0,476.0,256.9449827933464,2.7498862027695576,157.55687355995178,181.0,267.5200064090903,1349.0,1349.0
1357.0,67.88212064600393,101.0,64.0,51.0255703497316,4.0,480.0,357.97682473844134,2.029176825622569,116.26326799392702,180.0,366.294408739757,1356.0,1356.0
1365.0,512.8456060980785,164.0,103.0,492.7249343601718,4.0,484.0,106.9135177841108,1.898102923537,108.75328660011292,215.0,113.7448526767728,1364.0,1364.0
1366.0,511.8737791193764,164.0,103.0,491.7531073814697,4.0,484.0,109.7758883063803,1.898102923537,108.75328660011292,215.0,116.60722319904232,1365.0,1365.0
1374.0,268.1366667021989,125.0,85.0,249.998766021118,4.0,489.0,480.5840462719373,1.3052081138083511,74.78291630744934,223.0,475.6502799222867,1373.0,1373.0
1375.0,270.7773637435938,125.0,85.0,252.6394630625128,4.0,489.0,490.2919848469037,1.3052081138083511,74.78291630744934,223.0,485.35821849725306,1374.0,1374.0
1376.0,273.41806078498865,125.0,85.0,255.2801601039077,4.0,489.0,499.9999234218701,1.3052081138083511,74.78291630744934,223.0,495.06615707221937,1375.0,1375.0
1377.0,273.68213048912816,125.0,85.0,255.5442298080472,4.0,489.0,500.9707172793667,1.3052081138083511,74.78291630744934,223.0,496.03695092971606,1376.0,1376.0
1378.0,167.2176662823295,124.0,63.0,162.8546858795085,4.0,490.0,60.5703895034432,0.4231755742069669,24.24617439508438,173.0,50.883204984467895,1377.0,1377.0
1383.0,498.6128340103711,163.0,89.0,476.58189289808496,4.0,494.0,195.52303591398012,1.6271661884258968,93.22975516319276,241.0,196.76623407456265,1382.0,1382.0
1384.0,498.4425266892569,163.0,89.0,476.41158557697065,4.0,494.0,198.5410829811522,1.6271661884258968,93.22975516319276,241.0,199.78428114173465,1383.0,1383.0
1390.0,32.28725738024453,105.0,66.0,2.6541245786864502,4.0,497.0,377.8719857869797,2.1383164128215943,122.5165057182312,233.0,396.7623770069506,1389.0,1389.0
1391.0,30.083865147554256,105.0,66.0,0.4507323459961792,4.0,497.0,381.32842106589567,2.1383164128215943,122.5165057182312,233.0,400.21881228586665,1390.0,1390.0
1395.0,492.3849642350904,150.0,98.0,481.7771806266185,4.0,500.0,109.01970793962748,1.5149188482793436,86.79845631122589,219.0,108.42635406889856,1394.0,1394.0
1396.0,492.84944602270025,150.0,98.0,482.2416624142284,4.0,500.0,117.32355920967868,1.5149188482793436,86.79845631122589,219.0,116.73020533894976,1395.0,1395.0
1397.0,318.41945946517416,131.0,53.0,309.87990745194776,4.0,501.0,491.15860592913367,0.6619397212920698,37.92635232210159,210.0,480.1994707815342,1396.0,1396.0
1416.0,582.0700994862202,71.0,72.0,570.8249865816689,4.0,510.0,225.5465616395185,2.531047140364209,145.0183188915253,233.0,241.61718064250945,1415.0,1415.0
1417.0,578.5656154455952,71.0,72.0,567.3205025410438,4.0,510.0,227.99875832850068,2.531047140364209,145.0183188915253,233.0,244.06937733149164,1416.0,1416.0
1430.0,546.9524221176835,112.0,151.0,526.9313724623115,4.0,516.0,88.04991761017784,2.462420787218284,141.0863184928894,217.0,112.85015647591872,1429.0,1429.0
1431.0,542.9078783773684,112.0,151.0,522.8868287219965,4.0,516.0,91.3150478976942,2.462420787218284,141.0863184928894,217.0,116.11528676343508,1430.0,1430.0
1448.0,558.461394943088,111.0,59.0,550.5253957441461,4.0,524.0,259.3108003294408,2.2981114461604206,131.67208671569824,176.0,266.37458533568696,1447.0,1447.0
1449.0,557.0789991886949,111.0,59.0,549.142999989753,4.0,524.0,260.86389001008405,2.2981114461604206,131.67208671569824,176.0,267.9276750163303,1448.0,1448.0
1452.0,568.7088029617097,149.0,80.0,561.3849432280851,4.0,526.0,218.7420786474273,0.3141592700403172,18.000000268220898,239.0,196.2015564757124,1451.0,1451.0
1453.0,578.3488436258302,149.0,80.0,571.0249838922059,4.0,526.0,221.8743177815789,0.3141592700403172,18.000000268220898,239.0,199.333795609864,1452.0,1452.0
1454.0,587.9888842899511,149.0,80.0,580.6650245563266,4.0,526.0,225.00655691573047,0.3141592700403172,18.000000268220898,239.0,202.4660347440156,1453.0,1453.0
1455.0,589.9168924227753,149.0,80.0,582.5930326891507,4.0,526.0,225.6330047425608,0.3141592700403172,18.000000268220898,239.0,203.09248257084587,1454.0,1454.0
1459.0,118.18036550388288,76.0,52.0,113.17731411796768,4.0,529.0,436.78431756320833,2.6512779404596283,151.90703630447388,215.0,446.1569702682842,1458.0,1458.0
1463.0,204.891847802129,119.0,99.0,195.5007124743312,4.0,531.0,144.2906865019301,1.0841887651110411,62.11944043636323,217.0,139.32241525781896,1462.0,1462.0
1476.0,166.64779149756114,97.0,52.0,163.36468196179842,4.0,538.0,40.7766691117029,0.3141592700403172,18.000000268220898,187.0,30.67229710369277,1475.0,1475.0
1485.0,87.54760321582886,89.0,94.0,65.38410912611182,4.0,543.0,372.2946695483501,0.9645580189017036,55.26510357856751,247.0,356.92795918782724,1484.0,1484.0
1486.0,92.76648060510696,89.0,94.0,70.60298651538992,4.0,543.0,379.8218862042569,0.9645580189017036,55.26510357856751,247.0,364.4551758437341,1485.0,1485.0
899.0,282.4906350454738,95.0,39.0,220.9301187870333,4.0,306.0,318.37703236494724,1.3081752393667545,74.95292007923126,146.0,301.82771375670904,898.0,898.0
900.0,285.10434873114576,95.0,39.0,223.5438324727053,4.0,306.0,328.09958153151064,1.3081752393667545,74.95292007923126,146.0,311.5502629232724,899.0,899.0
901.0,287.71806241681776,95.0,39.0,226.15754615837727,4.0,306.0,337.82213069807386,1.3081752393667545,74.95292007923126,146.0,321.2728120898357,900.0,900.0
902.0,290.3317761024897,95.0,39.0,228.7712598440492,4.0,306.0,347.5446798646372,1.3081752393667545,74.95292007923126,146.0,330.995361256399,901.0,901.0
903.0,292.16137568246006,95.0,39.0,230.6008594240196,4.0,306.0,354.35046428123155,1.3081752393667545,74.95292007923126,146.0,337.8011456729934,902.0,902.0
934.0,474.2516274649183,111.0,49.0,453.5956197546,4.0,316.0,320.0520000454698,1.1259327228858675,64.51119303703308,163.0,310.20454260943785,933.0,933.0
935.0,478.6727720381336,111.0,49.0,458.0167643278154,4.0,316.0,329.32578436857995,1.1259327228858675,64.51119303703308,163.0,319.478326932548,934.0,934.0
936.0,483.0939166113489,111.0,49.0,462.43790890103065,4.0,316.0,338.59956869169,1.1259327228858675,64.51119303703308,163.0,328.7521112556581,935.0,935.0
937.0,484.862374440635,111.0,49.0,464.20636673031686,4.0,316.0,342.30908242093415,1.1259327228858675,64.51119303703308,163.0,332.4616249849022,936.0,936.0
938.0,399.9639052984024,64.0,12.0,391.16077007224936,4.0,317.0,355.996701923187,0.7385563691401275,42.31616288423538,101.0,346.327663540504,937.0,937.0
939.0,402.19912401075067,64.0,12.0,393.39598878459776,4.0,317.0,358.0317473750772,0.7385563691401275,42.31616288423538,101.0,348.362708992394,938.0,938.0
943.0,29.26672265809844,93.0,40.0,1.2401659936012557,4.0,320.0,347.3947456222428,1.0744262095242725,61.56008720397949,127.0,332.2156020814365,942.0,942.0
944.0,30.774866516536665,93.0,40.0,2.748309852039487,4.0,320.0,350.17936118326594,1.0744262095242725,61.56008720397949,127.0,335.00021764245963,943.0,943.0
947.0,291.81579292844464,96.0,52.0,284.9970254959142,4.0,322.0,272.4277480609136,2.8274333133294083,161.9999957084656,156.0,293.41375098335106,946.0,946.0
948.0,282.2775327001209,96.0,52.0,275.4587652675906,4.0,322.0,275.52691746674424,2.8274333133294083,161.9999957084656,156.0,296.51292038918183,947.0,947.0
949.0,272.7392724717973,96.0,52.0,265.92050503926697,4.0,322.0,278.626086872575,2.8274333133294083,161.9999957084656,156.0,299.61208979501254,948.0,948.0
950.0,263.2010122434737,96.0,52.0,256.3822448109433,4.0,322.0,281.7252562784057,2.8274333133294083,161.9999957084656,156.0,302.7112592008433,949.0,949.0
951.0,253.66275201515003,96.0,52.0,246.8439845826197,4.0,322.0,284.8244256842365,2.8274333133294083,161.9999957084656,156.0,305.810428606674,950.0,950.0
952.0,252.7089259923177,96.0,52.0,245.89015855978727,4.0,322.0,285.1343426248196,2.8274333133294083,161.9999957084656,156.0,306.1203455472571,951.0,951.0
956.0,566.4477801600308,144.0,37.0,562.9121229727929,4.0,324.0,26.662388199958936,2.8274333133294083,161.9999957084656,177.0,37.54401934492656,955.0,955.0
957.0,557.4556128793108,144.0,37.0,553.9199556920728,4.0,324.0,29.584121205917977,2.8274333133294083,161.9999957084656,177.0,40.4657523508856,956.0,956.0
958.0,379.5699336589736,86.0,32.0,357.8638881557868,4.0,325.0,393.511254560934,1.983979632166616,113.67365956306458,156.0,403.0276430452784,957.0,957.0
959.0,375.540837998271,86.0,32.0,353.83479249508423,4.0,325.0,402.7012675466144,1.983979632166616,113.67365956306458,156.0,412.2176560309587,958.0,958.0
960.0,374.3321093000602,86.0,32.0,352.6260637968735,4.0,325.0,405.4582714423185,1.983979632166616,113.67365956306458,156.0,414.9746599266628,959.0,959.0
963.0,583.7579758221857,103.0,79.0,574.2304701107216,4.0,327.0,474.7442239359311,2.695134773261324,154.4198477268219,163.0,494.6473529079675,962.0,962.0
964.0,574.4747040868427,103.0,79.0,564.9471983753788,4.0,327.0,479.1880691526212,2.695134773261324,154.4198477268219,163.0,499.0911981246576,963.0,963.0
970.0,178.95355729972275,58.0,4.0,153.59165156397358,4.0,330.0,27.93688623743455,0.6394900847345965,36.640082895755775,103.0,-6.163084552174205,969.0,969.0
971.0,180.6219140943732,58.0,4.0,155.26000835862405,4.0,330.0,29.177729170133293,0.6394900847345965,36.640082895755775,103.0,-4.922241619475464,970.0,970.0
976.0,482.4369945939366,89.0,50.0,459.5460453377137,4.0,332.0,276.22856915276026,2.5601807911091314,146.68755412101748,151.0,311.0602180956193,975.0,975.0
977.0,474.0594284248335,89.0,50.0,451.1684791686106,4.0,332.0,281.73420692437963,2.5601807911091314,146.68755412101748,151.0,316.56585586723867,976.0,976.0
978.0,467.3573754895511,89.0,50.0,444.4664262333281,4.0,332.0,286.138717141675,2.5601807911091314,146.68755412101748,151.0,320.97036608453413,977.0,977.0
979.0,417.0066364888368,59.0,13.0,372.1426792965784,4.0,333.0,250.8180195383905,1.8433687213520669,105.61724781990053,97.0,263.358820959276,978.0,978.0
980.0,414.3052678779552,59.0,13.0,369.4413106856968,4.0,333.0,260.48200205846007,1.8433687213520669,105.61724781990053,97.0,273.02280347934555,979.0,979.0
981.0,413.4948572946907,59.0,13.0,368.6309001024324,4.0,333.0,263.38119681448103,1.8433687213520669,105.61724781990053,97.0,275.92199823536646,980.0,980.0
996.0,296.39486261101774,90.0,28.0,274.7119394783738,4.0,339.0,171.97700233595558,1.7574002585005195,100.69161772727966,120.0,176.0707478560567,995.0,995.0
1008.0,523.3448436723561,52.0,17.0,501.4557169109567,4.0,343.0,416.6705544466928,0.9071520835769326,51.975985765457146,87.0,399.5541150768008,1007.0,1007.0
1009.0,526.5467807173809,52.0,17.0,504.6576539559816,4.0,343.0,420.76530828807023,0.9071520835769326,51.975985765457146,87.0,403.64886891817815,1008.0,1008.0
1010.0,441.3826572150479,67.0,10.0,427.2394025707254,4.0,344.0,175.04956733123498,2.475318247512132,141.82528853416443,138.0,193.0387702193298,1009.0,1009.0
1011.0,433.3586144555918,67.0,10.0,419.21535981126937,4.0,344.0,181.3581336823889,2.475318247512132,141.82528853416443,138.0,199.34733657048372,1010.0,1010.0
1012.0,425.3345716961359,67.0,10.0,411.1913170518135,4.0,344.0,187.6667000335429,2.475318247512132,141.82528853416443,138.0,205.65590292163776,1011.0,1011.0
1013.0,417.31052893667993,67.0,10.0,403.1672742923575,4.0,344.0,193.97526638469688,2.475318247512132,141.82528853416443,138.0,211.9644692727917,1012.0,1012.0
1014.0,414.1009118328975,67.0,10.0,399.9576571885751,4.0,344.0,196.49869292515845,2.475318247512132,141.82528853416443,138.0,214.4878958132533,1013.0,1013.0
1015.0,227.84200594978367,99.0,41.0,194.363993595555,4.0,345.0,442.8821546170512,1.6128336171996327,92.4085593223572,196.0,444.2903091080858,1014.0,1014.0
1016.0,227.41210359720435,99.0,41.0,193.93409124297568,4.0,345.0,453.102820291446,1.6128336171996327,92.4085593223572,196.0,454.5109747824806,1015.0,1015.0
1017.0,227.19715242091468,99.0,41.0,193.719140066686,4.0,345.0,458.21315312864334,1.6128336171996327,92.4085593223572,196.0,459.621307619678,1016.0,1016.0
1018.0,219.08633236926536,84.0,20.0,208.50722056703077,4.0,346.0,73.43206801570112,1.4784659258002324,84.70985770225525,158.0,72.45250924977921,1017.0,1017.0
1019.0,220.02741225016547,84.0,20.0,209.4483004479308,4.0,346.0,83.59561268625059,1.4784659258002324,84.70985770225525,158.0,82.6160539203287,1018.0,1018.0
1020.0,220.21562822634547,84.0,20.0,209.6365164241108,4.0,346.0,85.62832162036052,1.4784659258002324,84.70985770225525,158.0,84.64876285443859,1019.0,1019.0
1025.0,543.6035142905567,87.0,36.0,498.67103256064337,4.0,348.0,319.49677864294745,1.9420979494321349,111.2740159034729,126.0,336.9917506034749,1024.0,1024.0
1026.0,539.8643329697144,87.0,36.0,494.9318512398011,4.0,348.0,329.1001490720427,1.9420979494321349,111.2740159034729,126.0,346.5951210325702,1025.0,1025.0
1027.0,538.7425785734616,87.0,36.0,493.8100968435484,4.0,348.0,331.9811602007713,1.9420979494321349,111.2740159034729,126.0,349.47613216129884,1026.0,1026.0
1042.0,206.09154442105137,102.0,43.0,154.29757571578804,4.0,354.0,312.10861718036364,2.193159783805275,125.65879940986632,143.0,349.2699130964225,1041.0,1041.0
1043.0,200.1412892055711,102.0,43.0,148.34732050030777,4.0,354.0,320.4018514398754,2.193159783805275,125.65879940986632,143.0,357.56314735593423,1042.0,1042.0
1044.0,194.19103399009083,102.0,43.0,142.39706528482753,4.0,354.0,328.6950856993871,2.193159783805275,125.65879940986632,143.0,365.856381615446,1043.0,1043.0
1045.0,192.4059574254468,102.0,43.0,140.61198872018343,4.0,354.0,331.18305597724066,2.193159783805275,125.65879940986632,143.0,368.34435189329946,1044.0,1044.0
1051.0,439.7274372435289,74.0,37.0,415.1190123521041,4.0,357.0,427.59934290697294,2.053774821747841,117.67262935638428,166.0,440.504062642128,1050.0,1050.0
1052.0,435.0325080617153,74.0,37.0,410.4240831702903,4.0,357.0,436.55225428454287,2.053774821747841,117.67262935638428,166.0,449.4569740196978,1051.0,1051.0
1053.0,430.80707179808303,74.0,37.0,406.1986469066581,4.0,357.0,444.6098745243556,2.053774821747841,117.67262935638428,166.0,457.51459425951066,1052.0,1052.0
1072.0,600.4564433698594,43.0,21.0,591.0711069669942,4.0,364.0,254.156011078324,2.807288393024046,160.84577679634094,87.0,281.17651739038314,1071.0,1071.0
1073.0,590.9977487884807,43.0,21.0,581.6124123856156,4.0,364.0,257.44140586526674,2.807288393024046,160.84577679634094,87.0,284.461912177326,1072.0,1072.0
1074.0,581.5390542071021,43.0,21.0,572.153717804237,4.0,364.0,260.7268006522096,2.807288393024046,160.84577679634094,87.0,287.7473069642688,1073.0,1073.0
1075.0,573.9720985419992,43.0,21.0,564.5867621391342,4.0,364.0,263.3551164817639,2.807288393024046,160.84577679634094,87.0,290.3756227938232,1074.0,1074.0
1088.0,285.52397320666824,100.0,37.0,273.50052407524225,4.0,370.0,353.26372091493784,1.1667942484752798,66.85238599777222,131.0,348.1234715007804,1087.0,1087.0
1089.0,289.49390785583194,100.0,37.0,277.470458724406,4.0,370.0,362.549711430853,1.1667942484752798,66.85238599777222,131.0,357.4094620166955,1088.0,1088.0
1090.0,289.8909013207484,100.0,37.0,277.8674521893223,4.0,370.0,363.47831048244456,1.1667942484752798,66.85238599777222,131.0,358.33806106828695,1089.0,1089.0
1109.0,270.6788829684919,183.0,102.0,255.2217662855436,4.0,378.0,18.38641272041841,1.66632782661389,95.47355175018308,209.0,19.8675627943792,1108.0,1108.0
1110.0,269.7120346310788,183.0,102.0,254.2549179481304,4.0,378.0,28.47633394369133,1.66632782661389,95.47355175018308,209.0,29.95748401765211,1109.0,1109.0
1111.0,269.32529529611355,183.0,102.0,253.8681786131652,4.0,378.0,32.512302433000485,1.66632782661389,95.47355175018308,209.0,33.99345250696128,1110.0,1110.0
1123.0,56.30709751651343,108.0,48.0,28.679064620315923,4.0,383.0,218.7422630950492,1.8327804713946705,105.01058578491212,140.0,226.150643420168,1122.0,1122.0
1124.0,53.63526113779354,108.0,48.0,26.00722824159602,4.0,383.0,228.70632813018844,1.8327804713946705,105.01058578491212,140.0,236.11470845530727,1123.0,1123.0
1125.0,52.0321593105616,108.0,48.0,24.40412641436409,4.0,383.0,234.684767151272,1.8327804713946705,105.01058578491212,140.0,242.09314747639084,1124.0,1124.0
1126.0,86.21886837910263,123.0,37.0,71.21070299130079,4.0,384.0,277.40561906901456,0.5705778890993268,32.69170492887497,160.0,254.02055249283856,1125.0,1125.0
1127.0,92.98491053299558,123.0,37.0,77.9767451451938,4.0,384.0,281.74795777203616,0.5705778890993268,32.69170492887497,160.0,258.36289119586013,1126.0,1126.0
1130.0,181.8367801947572,86.0,34.0,177.66770754666058,4.0,386.0,293.43437189583136,0.3244953129208482,18.59221190214157,137.0,281.0406506503528,1129.0,1129.0
1131.0,185.8907869166501,86.0,34.0,181.7217142685535,4.0,386.0,294.798082455774,0.3244953129208482,18.59221190214157,137.0,282.4043612102953,1130.0,1130.0
1132.0,188.67919211276944,76.0,24.0,170.367001010879,4.0,387.0,174.6341648242747,0.6718209956068074,38.492507636547096,106.0,151.6064051494279,1131.0,1131.0
1133.0,196.6681205954336,76.0,24.0,178.35592949354313,4.0,387.0,180.9871399785916,0.6718209956068074,38.492507636547096,106.0,157.95938030374478,1132.0,1132.0
1134.0,204.65704907809769,76.0,24.0,186.3448579762073,4.0,387.0,187.3401151329085,0.6718209956068074,38.492507636547096,106.0,164.31235545806163,1133.0,1133.0
1135.0,207.05372762289696,76.0,24.0,188.7415365210065,4.0,387.0,189.2460076792035,0.6718209956068074,38.492507636547096,106.0,166.2182480043567,1134.0,1134.0
1139.0,342.2919675716332,68.0,21.0,304.4166847303338,4.0,389.0,398.7152433820247,1.4035609623249852,80.41811943054198,150.0,392.3214386165092,1138.0,1138.0
1140.0,343.9763138650886,68.0,21.0,306.10103102378923,4.0,389.0,408.6928849596019,1.4035609623249852,80.41811943054198,150.0,402.2990801940864,1139.0,1139.0
1141.0,345.66066015854415,68.0,21.0,307.7853773172447,4.0,389.0,418.6705265371791,1.4035609623249852,80.41811943054198,150.0,412.2767217716636,1140.0,1140.0
1142.0,347.3450064519996,68.0,21.0,309.4697236107001,4.0,389.0,428.6481681147562,1.4035609623249852,80.41811943054198,150.0,422.2543633492408,1141.0,1141.0
1143.0,348.18717959872725,68.0,21.0,310.3118967574278,4.0,389.0,433.6369889035448,1.4035609623249852,80.41811943054198,150.0,427.2431841380293,1142.0,1142.0
1144.0,90.87813566311507,73.0,26.0,73.87191632157386,4.0,390.0,110.98988861227068,0.9278628840020444,53.16262722015381,129.0,98.25030183295604,1143.0,1143.0
1182.0,266.642368191515,87.0,38.0,242.66252320319336,4.0,403.0,176.27513739782412,2.3681337742543063,135.6840705871582,130.0,200.83453371416783,1181.0,1181.0
1189.0,107.710900482888,75.0,9.0,94.02009947028525,4.0,406.0,11.675450930795732,0.9235030604321784,52.912827730178826,154.0,1.32599703674373,1188.0,1188.0
1190.0,113.77778845686962,75.0,9.0,100.08698744426688,4.0,406.0,19.70104888676819,0.9235030604321784,52.912827730178826,154.0,9.351594992716189,1189.0,1189.0
1191.0,119.84467643085124,75.0,9.0,106.15387541824848,4.0,406.0,27.72664684274065,0.9235030604321784,52.912827730178826,154.0,17.377192948688634,1190.0,1190.0
1192.0,120.4513652282494,75.0,9.0,106.76056421564664,4.0,406.0,28.52920663833789,0.9235030604321784,52.912827730178826,154.0,18.179752744285885,1191.0,1191.0
1203.0,419.6975373621463,109.0,51.0,416.4144271168538,4.0,411.0,50.93272925606327,2.8274333133294083,161.9999957084656,128.0,61.0371010335332,1202.0,1202.0
1204.0,410.0300324152816,109.0,51.0,406.7469221699892,4.0,411.0,54.07389282728466,2.8274333133294083,161.9999957084656,128.0,64.17826460475459,1203.0,1203.0
1205.0,403.2627789524764,109.0,51.0,399.9796687071839,4.0,411.0,56.27270732713964,2.8274333133294083,161.9999957084656,128.0,66.37707910460956,1204.0,1204.0
1206.0,573.390264474615,87.0,31.0,568.6591916234324,4.0,412.0,269.4981010956759,0.3962158899479039,22.70149827003479,192.0,258.1889380770073,1205.0,1205.0
1207.0,579.0007874711129,87.0,31.0,574.2697146199305,4.0,412.0,271.8452060923807,0.3962158899479039,22.70149827003479,192.0,260.5360430737121,1206.0,1206.0
1214.0,30.965779032377075,147.0,54.0,19.45946451035536,4.0,415.0,228.2570263579431,0.3903560486962806,22.36575409770012,169.0,200.2931860151157,1213.0,1213.0
1221.0,255.95017141561055,100.0,15.0,244.61959399228783,4.0,419.0,137.7796655597776,1.4313598700210728,82.01087951660156,135.0,136.1894506765355,1220.0,1220.0
1222.0,256.09203375714105,100.0,15.0,244.76145633381836,4.0,419.0,138.79046118312604,1.4313598700210728,82.01087951660156,135.0,137.2002462998839,1221.0,1221.0
1233.0,276.08284239472783,158.0,61.0,256.9935738591144,4.0,425.0,385.2985761873771,2.025543358434076,116.0550856590271,195.0,394.63176398017,1232.0,1232.0
1234.0,271.55166265536604,158.0,61.0,252.46239411975264,4.0,425.0,394.56624643554267,2.025543358434076,116.0550856590271,195.0,403.8994342283356,1233.0,1233.0
1235.0,268.832954811749,158.0,61.0,249.74368627613552,4.0,425.0,400.1268485844421,2.025543358434076,116.0550856590271,195.0,409.46003637723487,1234.0,1234.0
1240.0,575.1343181715199,84.0,36.0,563.0513204138471,4.0,428.0,269.45661096248915,1.1785406614176706,67.52540588378906,155.0,264.4579453161583,1239.0,1239.0
1241.0,578.2076475771903,84.0,36.0,566.1246498195172,4.0,428.0,276.88560000570743,1.1785406614176706,67.52540588378906,155.0,271.8869343593766,1240.0,1240.0
1242.0,445.3389746643492,55.0,15.0,421.8812315978581,4.0,429.0,325.86409284431744,1.427544486043587,81.7922741174698,95.0,322.4805515932225,1241.0,1241.0
1243.0,446.777471616201,55.0,15.0,423.31972854970985,4.0,429.0,335.8370440792255,1.427544486043587,81.7922741174698,95.0,332.45350282813047,1242.0,1242.0
1244.0,447.6405697873122,55.0,15.0,424.1828267208209,4.0,429.0,341.8208148201704,1.427544486043587,81.7922741174698,95.0,338.43727356907533,1243.0,1243.0
1248.0,140.69726735884785,170.0,89.0,128.47652145967578,4.0,432.0,295.56979839249533,2.5998472647712623,148.9602756500244,209.0,315.87663051469605,1247.0,1247.0
1249.0,131.98777948717793,170.0,89.0,119.76703358800582,4.0,432.0,300.8112086504368,2.5998472647712623,148.9602756500244,209.0,321.11804077263764,1248.0,1248.0
1250.0,125.891137977009,170.0,89.0,113.67039207783688,4.0,432.0,304.48019583099585,2.5998472647712623,148.9602756500244,209.0,324.7870279531966,1249.0,1249.0
1253.0,288.3429627840339,72.0,16.0,282.01210059909494,4.0,434.0,304.54192738416185,0.5863429028954308,33.59497368335724,116.0,295.01140000546417,1252.0,1252.0
1254.0,289.1931767671943,72.0,16.0,282.8623145822553,4.0,434.0,305.10670070060263,0.5863429028954308,33.59497368335724,116.0,295.57617332190495,1253.0,1253.0
1255.0,289.21196632943327,119.0,69.0,281.3109367390913,4.0,435.0,159.52485708007342,2.5366810368443264,145.34111738204956,164.0,170.95290692169078,1254.0,1254.0
1261.0,84.76422637416718,64.0,3.0,73.3898120838822,4.0,438.0,14.524122749651726,0.8838859280710247,50.64293324947357,143.0,5.195338573692612,1260.0,1260.0
1262.0,91.23702187527292,64.0,3.0,79.86260758498796,4.0,438.0,22.4162827843542,0.8838859280710247,50.64293324947357,143.0,13.08749860839509,1261.0,1261.0
1263.0,92.53158097549408,64.0,3.0,81.15716668520909,4.0,438.0,23.99471479129469,0.8838859280710247,50.64293324947357,143.0,14.665930615335586,1262.0,1262.0
1267.0,414.5271899515271,70.0,4.0,378.69359925899766,4.0,440.0,242.37658841304815,0.7547339024278954,43.24306726455689,152.0,204.2751229954029,1266.0,1266.0
1268.0,421.8672087740417,70.0,4.0,386.0336180815124,4.0,440.0,249.27971476995853,0.7547339024278954,43.24306726455689,152.0,211.1782493523133,1267.0,1267.0
1269.0,429.2072275965566,70.0,4.0,393.3736369040272,4.0,440.0,256.1828411268689,0.7547339024278954,43.24306726455689,152.0,218.0813757092236,1268.0,1268.0
1270.0,435.8132445368199,70.0,4.0,399.97965384429045,4.0,440.0,262.3956548480882,0.7547339024278954,43.24306726455689,152.0,224.2941894304429,1269.0,1269.0
1271.0,296.09400157737963,53.0,15.0,273.2156789738584,4.0,441.0,393.6094553357613,1.5915462632044648,91.18888378143308,117.0,394.0842472190071,1270.0,1270.0
1272.0,295.880456913023,53.0,15.0,273.00213430950174,4.0,441.0,403.8993189450829,1.5915462632044648,91.18888378143308,117.0,404.3741108283287,1271.0,1271.0
1286.0,108.4213432883042,179.0,65.0,102.29628602879956,4.0,449.0,390.0798477312917,0.4565575858674591,26.158822774887085,200.0,377.60947222220057,1285.0,1285.0
1287.0,117.60327341802856,179.0,65.0,111.47821615852392,4.0,449.0,394.58972377763314,0.4565575858674591,26.158822774887085,200.0,382.119348268542,1286.0,1286.0
1288.0,122.19423848289073,179.0,65.0,116.06918122338612,4.0,449.0,396.84466180080375,0.4565575858674591,26.158822774887085,200.0,384.3742862917126,1287.0,1287.0
1289.0,286.8472584832878,95.0,29.0,282.43978244098605,4.0,450.0,356.17751955547976,2.7461527422045107,157.3429620265961,126.0,366.7361616583892,1288.0,1288.0
1290.0,190.08046277710795,98.0,43.0,183.5142422865232,4.0,451.0,147.24212060978266,2.8274333133294083,161.9999957084656,133.0,167.45086416472253,1289.0,1289.0
1291.0,180.26929735463432,98.0,43.0,173.70307686404954,4.0,451.0,150.42996231099605,2.8274333133294083,161.9999957084656,133.0,170.6387058659359,1290.0,1290.0
1292.0,174.38259810115014,98.0,43.0,167.81637761056538,4.0,451.0,152.342667331724,2.8274333133294083,161.9999957084656,133.0,172.55141088666386,1291.0,1291.0
1299.0,152.4043763020142,66.0,35.0,119.22161213315232,4.0,454.0,33.62576325377912,2.060093691582705,118.03467392921448,158.0,51.295118877358064,1298.0,1298.0
1300.0,151.92464039474316,66.0,35.0,118.74187622588128,4.0,454.0,34.526699530881835,2.060093691582705,118.03467392921448,158.0,52.19605515446077,1299.0,1299.0
1305.0,278.5462796753864,59.0,13.0,271.9072862641023,4.0,457.0,389.00926640371046,2.466610022836764,141.32634401321408,130.0,397.3038977026292,1304.0,1304.0
1306.0,252.28874928392145,106.0,27.0,232.5649809810172,4.0,458.0,50.339393068978,0.6476968444990817,37.11029559373856,171.0,24.26963481287425,1305.0,1305.0
1309.0,584.3955305752369,61.0,5.0,574.1037931797769,4.0,460.0,260.77024052117343,1.8216858879350224,104.37491297721864,129.0,263.4079067781068,1308.0,1308.0
1310.0,584.1421251917843,61.0,5.0,573.8503877963242,4.0,460.0,261.7589864075174,1.8216858879350224,104.37491297721864,129.0,264.3966526644506,1309.0,1309.0
1313.0,588.7011517730789,86.0,38.0,579.1007209847987,4.0,462.0,230.00535175291344,0.7110336135640268,40.739225149154656,157.0,218.8592652949631,1312.0,1312.0
1314.0,590.2765420960925,86.0,38.0,580.6761113078121,4.0,462.0,231.3622787620189,0.7110336135640268,40.739225149154656,157.0,220.21619230406856,1313.0,1313.0
1315.0,144.31552413187717,65.0,26.0,130.67798926681644,4.0,463.0,125.38086441989564,2.8274333133294083,161.9999957084656,98.0,167.35287026477073,1314.0,1314.0
1316.0,134.7722065015237,65.0,26.0,121.13467163646293,4.0,463.0,128.48167707567643,2.8274333133294083,161.9999957084656,98.0,170.45368292055153,1315.0,1315.0
1317.0,131.9092112124176,65.0,26.0,118.27167634735687,4.0,463.0,129.41192087241066,2.8274333133294083,161.9999957084656,98.0,171.38392671728582,1316.0,1316.0
1323.0,247.35247000363785,103.0,45.0,208.19641619161183,4.0,466.0,282.8704176424516,1.510043234904762,86.51910424232483,142.0,280.4886352486682,1322.0,1322.0
1324.0,247.8574324784284,103.0,45.0,208.7013786664024,4.0,466.0,291.17190559011533,1.510043234904762,86.51910424232483,142.0,288.7901231963318,1323.0,1323.0
1325.0,182.2506419486993,74.0,15.0,155.66851733079432,4.0,467.0,158.7049692465476,0.6607348853686746,37.857320308685296,87.0,124.5062018735047,1324.0,1324.0
1326.0,184.6373060809001,74.0,15.0,158.05518146299502,4.0,467.0,160.56008299059596,0.6607348853686746,37.857320308685296,87.0,126.36131561755305,1325.0,1325.0
1330.0,453.6562205563628,69.0,9.0,434.48679967440455,4.0,469.0,468.0251805216965,2.283438260791925,130.83137512207028,132.0,484.5901077503804,1329.0,1329.0
1331.0,447.0170022551712,69.0,9.0,427.8475813732129,4.0,469.0,475.7082791665466,2.283438260791925,130.83137512207028,132.0,492.2732063952305,1330.0,1330.0
1332.0,440.3777839539797,69.0,9.0,421.20836307202126,4.0,469.0,483.3913778113968,2.283438260791925,130.83137512207028,132.0,499.9563050400806,1331.0,1331.0
1333.0,433.7385656527881,69.0,9.0,414.5691447708297,4.0,469.0,491.0744764562469,2.283438260791925,130.83137512207028,132.0,507.6394036849308,1332.0,1332.0
1334.0,431.74680016243065,69.0,9.0,412.5773792804722,4.0,469.0,493.379406049702,2.283438260791925,130.83137512207028,132.0,509.9443332783858,1333.0,1333.0
1351.0,338.3602293155625,67.0,18.0,300.21979675481924,4.0,477.0,325.8807014020155,1.880502965742399,107.7448832988739,112.0,338.0857951566392,1350.0,1350.0
1352.0,335.30489281740364,67.0,18.0,297.16446025666033,4.0,477.0,335.42850644155203,1.880502965742399,107.7448832988739,112.0,347.6336001961756,1351.0,1351.0
1353.0,332.8606236188764,67.0,18.0,294.72019105813314,4.0,477.0,343.0667504731813,1.880502965742399,107.7448832988739,112.0,355.2718442278048,1352.0,1352.0
1354.0,531.9600280437844,54.0,27.0,523.8650763447438,4.0,478.0,239.9300981739961,0.8662775438682871,49.634047150611885,118.0,233.0490445562516,1353.0,1353.0
1355.0,533.3066629284118,54.0,27.0,525.2117112293713,4.0,478.0,241.51429515208568,0.8662775438682871,49.634047150611885,118.0,234.6332415343412,1354.0,1354.0
1361.0,236.0578276002056,79.0,18.0,223.10436488999272,4.0,483.0,235.53632410160336,0.3365218337137125,19.281280785799023,106.0,198.50826391319043,1360.0,1360.0
1362.0,245.7441234959029,79.0,18.0,232.79066078569,4.0,483.0,238.92486436124847,0.3365218337137125,19.281280785799023,106.0,201.8968041728356,1361.0,1361.0
1363.0,255.4304193916001,79.0,18.0,242.4769566813873,4.0,483.0,242.3134046208937,0.3365218337137125,19.281280785799023,106.0,205.2853444324808,1362.0,1362.0
1364.0,256.39904898116987,79.0,18.0,243.445586270957,4.0,483.0,242.65225864685823,0.3365218337137125,19.281280785799023,106.0,205.62419845844528,1363.0,1363.0
1367.0,320.0239695609064,119.0,29.0,316.21327322172306,4.0,485.0,391.7215277684178,0.3668482659370564,21.018857359886173,164.0,381.8040817609716,1366.0,1366.0
1368.0,321.0296892074113,119.0,29.0,317.2189928682281,4.0,485.0,392.1079671977128,0.3668482659370564,21.018857359886173,164.0,382.1905211902666,1367.0,1367.0
1369.0,99.47077880015516,104.0,51.0,90.86400833821727,4.0,486.0,114.8955838551884,0.9443181610646696,54.10544514656067,158.0,108.66656755118112,1368.0,1368.0
1370.0,597.3650747239867,67.0,22.0,571.8667202272031,4.0,487.0,480.6842339474596,1.3466999347263795,77.16022253036498,86.0,474.87253108347113,1369.0,1369.0
1379.0,406.7370928218357,173.0,80.0,373.23241702572153,4.0,491.0,53.51910219289022,1.2643272074802248,72.44061291217805,193.0,42.91692600704921,1378.0,1378.0
1380.0,580.0612816776687,85.0,35.0,568.1204524457088,4.0,492.0,260.928834973254,1.990580880300812,114.0518832206726,152.0,266.25819612717373,1379.0,1379.0
1381.0,437.28992017435615,69.0,27.0,422.9990812555528,4.0,493.0,339.79564525420346,1.3313163095252127,76.27880573272705,111.0,336.30631327723745,1380.0,1380.0
1382.0,438.00693231327017,69.0,27.0,423.7160933944668,4.0,493.0,342.7322259658376,1.3313163095252127,76.27880573272705,111.0,339.2428939888714,1381.0,1381.0
1387.0,22.10563453563538,65.0,26.0,16.802148754778436,4.0,496.0,310.83995838546633,2.8274333133294083,161.9999957084656,91.0,327.16240510291766,1386.0,1386.0
1388.0,12.500905594919232,65.0,26.0,7.197419814062292,4.0,496.0,313.9607247906408,2.8274333133294083,161.9999957084656,91.0,330.2831715080922,1387.0,1387.0
1389.0,11.54043270084762,65.0,26.0,6.236946919990679,4.0,496.0,314.2728014311582,2.8274333133294083,161.9999957084656,91.0,330.59524814860964,1388.0,1388.0
1392.0,175.1630572742677,117.0,46.0,155.21622170263367,4.0,498.0,293.646481012946,1.2189287164965643,69.83947098255157,162.0,286.3230720882379,1391.0,1391.0
1393.0,176.20488679674423,117.0,46.0,156.25805122511022,4.0,498.0,296.4841215697092,1.2189287164965643,69.83947098255157,162.0,289.16071264500107,1392.0,1392.0
1394.0,288.5159681330333,120.0,49.0,281.6915351730307,4.0,499.0,162.79473471353018,0.5903994225857583,33.827395141124725,162.0,152.61105496206284,1393.0,1393.0
1398.0,129.68518143013463,108.0,24.0,117.20737743917203,4.0,502.0,26.181721849365285,0.5544530208624125,31.76781803369522,198.0,6.031821881015666,1397.0,1397.0
1399.0,138.27124391439494,108.0,24.0,125.79343992343244,4.0,502.0,31.498631853933063,0.5544530208624125,31.76781803369522,198.0,11.348731885583444,1398.0,1398.0
1400.0,139.129850162821,108.0,24.0,126.65204617185844,4.0,502.0,32.030322854389844,0.5544530208624125,31.76781803369522,198.0,11.88042288604022,1399.0,1399.0
1409.0,262.84439448970693,101.0,35.0,238.01683553415933,4.0,506.0,107.1808803057842,0.9632580113797437,55.19061863422394,135.0,89.919247795861,1408.0,1408.0
1410.0,268.64707394645217,101.0,35.0,243.81951499090457,4.0,506.0,115.52692557292038,0.9632580113797437,55.19061863422394,135.0,98.2652930629972,1409.0,1409.0
1411.0,272.7089495661739,101.0,35.0,247.88139061062623,4.0,506.0,121.36915725991572,0.9632580113797437,55.19061863422394,135.0,104.10752474999252,1410.0,1410.0
1418.0,58.01614073682676,122.0,44.0,48.418241230055415,4.0,511.0,151.25394397118072,2.548125409868399,145.99683165550232,142.0,165.4817179829406,1417.0,1417.0
1419.0,57.12296255602578,122.0,44.0,47.52506304925444,4.0,511.0,151.856472125893,2.548125409868399,145.99683165550232,142.0,166.0842461376529,1418.0,1418.0
1424.0,197.2603848529457,97.0,50.0,166.9916886914387,4.0,514.0,358.78398954590307,1.2521579761028916,71.74336731433868,147.0,348.79898530038366,1423.0,1423.0
1425.0,200.4947303660638,97.0,50.0,170.22603420455675,4.0,514.0,368.58863451256246,1.2521579761028916,71.74336731433868,147.0,358.60363026704323,1424.0,1424.0
1426.0,203.4056413278701,97.0,50.0,173.13694516636298,4.0,514.0,377.412814982556,1.2521579761028916,71.74336731433868,147.0,367.4278107370368,1425.0,1425.0
1427.0,265.6320678046688,88.0,37.0,253.94472035704032,4.0,515.0,196.23511314913344,2.0358628995986727,116.64635181427,149.0,202.0995315085402,1426.0,1426.0
1428.0,261.01017095854274,88.0,37.0,249.32282351091428,4.0,515.0,205.4462080944876,2.0358628995986727,116.64635181427,149.0,211.31062645389432,1427.0,1427.0
1429.0,259.6236019047049,88.0,37.0,247.93625445707644,4.0,515.0,208.20953657809383,2.0358628995986727,116.64635181427,149.0,214.07395493750053,1428.0,1428.0
1432.0,317.76995079586504,108.0,40.0,312.08365653544604,4.0,517.0,482.2379669015935,2.5768332461221526,147.64166951179502,204.0,491.2125532142878,1431.0,1431.0
1433.0,315.0949051597669,108.0,40.0,309.4086108993479,4.0,517.0,483.9328747354385,2.5768332461221526,147.64166951179502,204.0,492.9074610481328,1432.0,1432.0
1434.0,143.98244170680354,100.0,29.0,136.65858039038204,4.0,518.0,-0.7047847501786969,2.8274333133294083,161.9999957084656,191.0,21.83573690725423,1433.0,1433.0
1435.0,134.25341627391344,100.0,29.0,126.92955495749192,4.0,518.0,2.456368043768652,2.8274333133294083,161.9999957084656,191.0,24.99688970120157,1434.0,1434.0
1436.0,129.38890355746838,100.0,29.0,122.06504224104688,4.0,518.0,4.036944440742326,2.8274333133294083,161.9999957084656,191.0,26.57746609817525,1435.0,1435.0
1437.0,557.8765728935953,77.0,50.0,552.2550854087816,4.0,519.0,490.8490253709729,0.3704388286641204,21.224581450223926,146.0,476.3743875464898,1436.0,1436.0
1438.0,399.69666341105807,76.0,26.0,367.8325352188926,4.0,520.0,176.71612743380138,2.0061485757063844,114.94384646415712,164.0,191.53661239994133,1437.0,1437.0
1439.0,395.3123435084718,76.0,26.0,363.4482153163064,4.0,520.0,186.1424405221144,2.0061485757063844,114.94384646415712,164.0,200.96292548825423,1438.0,1438.0
1440.0,394.8739115182132,76.0,26.0,363.0097833260478,4.0,520.0,187.0850718309456,2.0061485757063844,114.94384646415712,164.0,201.90555679708552,1439.0,1439.0
1446.0,353.6432107740634,175.0,94.0,333.95910084707833,4.0,523.0,92.77118332328632,2.16152442611136,123.84622693061829,195.0,105.9715574677468,1445.0,1445.0
1447.0,350.1256403538124,175.0,94.0,330.4415304268272,4.0,523.0,98.01650758988592,2.16152442611136,123.84622693061829,195.0,111.21688173434642,1446.0,1446.0
1450.0,438.5847017115917,58.0,30.0,429.823162311473,4.0,525.0,274.1646558364345,2.171983471143996,124.4454860687256,118.0,280.1740292846605,1449.0,1449.0
1451.0,438.00737030017626,58.0,30.0,429.2458309000576,4.0,525.0,275.00639282476163,2.171983471143996,124.4454860687256,118.0,281.0157662729876,1450.0,1450.0
1458.0,137.48979105188937,93.0,39.0,121.41265451827968,4.0,528.0,355.3384162234552,2.28347009388933,130.83319902420044,161.0,369.2320927879924,1457.0,1457.0
1464.0,583.3320568062958,152.0,36.0,573.2335891230738,4.0,532.0,55.495387324497386,0.708035403922275,40.56744039058685,184.0,43.6997435462715,1463.0,1463.0
1465.0,591.1164967745808,152.0,36.0,581.0180290913587,4.0,532.0,62.159789618233845,0.708035403922275,40.56744039058685,184.0,50.364145840007936,1464.0,1464.0
1466.0,597.3440487492088,152.0,36.0,587.2455810659868,4.0,532.0,67.49131145322299,0.708035403922275,40.56744039058685,184.0,55.695667674997104,1465.0,1465.0
1467.0,342.21747002901793,176.0,90.0,332.29302007874657,4.0,533.0,388.8246889113162,1.2057904481835249,69.08670365810393,203.0,385.03227080611833,1466.0,1466.0
1468.0,342.581814517876,176.0,90.0,332.65736456760465,4.0,533.0,389.77814882634345,1.2057904481835249,69.08670365810393,203.0,385.9857307211455,1467.0,1467.0
1469.0,138.38563077769152,47.0,26.0,132.02113021088002,4.0,534.0,27.71671988288115,2.6941676088607585,154.36443328857422,114.0,40.97932321645485,1468.0,1468.0
1470.0,132.9026033663782,47.0,26.0,126.53810279956669,4.0,534.0,30.34793263873634,2.6941676088607585,154.36443328857422,114.0,43.610535972310025,1469.0,1469.0
1471.0,573.6616393638973,48.0,15.0,568.4473186392311,4.0,535.0,482.3354328155364,0.3246876690932549,18.603233098983765,86.0,466.8442839788651,1470.0,1470.0
1472.0,431.7211644595186,75.0,16.0,424.4899864557128,4.0,536.0,240.05172404735663,0.3617628115931847,20.72748228907585,141.0,220.9426917305992,1471.0,1471.0
1473.0,176.7586782541177,70.0,19.0,172.8823446097316,4.0,537.0,397.5753775058368,0.3456329343247669,19.803308397531517,145.0,386.81039698573375,1472.0,1472.0
1474.0,186.2604449075017,70.0,19.0,182.3841112631156,4.0,537.0,400.99684377703306,0.3456329343247669,19.803308397531517,145.0,390.23186325693007,1473.0,1473.0
1475.0,187.21062157284013,70.0,19.0,183.3342879284541,4.0,537.0,401.3389904041527,0.3456329343247669,19.803308397531517,145.0,390.5740098840497,1474.0,1474.0
1481.0,545.1171603856569,182.0,90.0,522.4920572951593,4.0,541.0,78.65161789534757,2.146309516326439,122.97447681427,206.0,93.3302066460916,1480.0,1480.0
1482.0,543.9855194887381,182.0,90.0,521.3604163982403,4.0,541.0,80.3958926610612,2.146309516326439,122.97447681427,206.0,95.07448141180522,1481.0,1481.0
1483.0,169.00810993886083,108.0,40.0,138.7439191928476,4.0,542.0,174.05828861706402,1.0794502213088146,61.84794187545776,153.0,157.86336127619282,1482.0,1482.0
1484.0,171.46060416288734,108.0,40.0,141.1964134168741,4.0,542.0,178.6413751254004,1.0794502213088146,61.84794187545776,153.0,162.44644778452914,1483.0,1483.0
1488.0,168.04283433181058,87.0,23.0,131.9132854108489,4.0,545.0,222.0916892747336,1.9709419189906725,112.92665362358092,112.0,237.37321839552015,1487.0,1487.0
1489.0,164.11214360424628,87.0,23.0,127.98259468328466,4.0,545.0,231.38487464984956,1.9709419189906725,112.92665362358092,112.0,246.66640377063615,1488.0,1488.0
1490.0,160.18145287668204,87.0,23.0,124.05190395572036,4.0,545.0,240.6780600249656,1.9709419189906725,112.92665362358092,112.0,255.95958914575215,1489.0,1489.0
1491.0,158.60917658565631,87.0,23.0,122.47962766469468,4.0,545.0,244.395334175012,1.9709419189906725,112.92665362358092,112.0,259.6768632957986,1490.0,1490.0
905.0,277.979801903973,39.0,13.0,256.9539146860569,4.0,307.0,167.07803644392402,1.4258427261070263,81.6947704553604,70.0,164.0087312620024,904.0,904.0
906.0,279.43730680194926,39.0,13.0,258.41141958403307,4.0,307.0,177.06248953282196,1.4258427261070263,81.6947704553604,70.0,173.99318435090038,905.0,905.0
907.0,280.02030876113975,39.0,13.0,258.9944215432236,4.0,307.0,181.0562707683812,1.4258427261070263,81.6947704553604,70.0,177.98696558645958,906.0,906.0
961.0,82.15101738573063,38.0,5.0,46.9292255198829,4.0,326.0,123.24630467203684,0.7387955855044492,42.32986897230148,68.0,84.57857566384894,960.0,960.0
962.0,88.09453696773066,38.0,5.0,52.87274510188296,4.0,326.0,128.66015790410708,0.7387955855044492,42.32986897230148,68.0,89.9924288959192,961.0,961.0
995.0,294.70890796427983,54.0,10.0,274.44664032324414,4.0,338.0,245.72325875972945,2.7900498345117475,159.8580801486969,79.0,300.96723349382745,994.0,994.0
999.0,352.8942056636844,33.0,11.0,307.22148073885563,4.0,341.0,440.0108519994197,2.050638887146435,117.49295353889464,97.0,463.7794289948365,998.0,998.0
1000.0,348.14297514135467,33.0,11.0,302.47025021652587,4.0,341.0,449.1406221468986,2.050638887146435,117.49295353889464,97.0,472.90919914231546,999.0,999.0
1001.0,49.33783012972936,37.0,5.0,-16.965429372947206,4.0,342.0,72.85944172353216,0.932741306179338,53.44214022159576,61.0,23.69391589147783,1000.0,1000.0
1002.0,55.375261481850735,37.0,5.0,-10.927998020825818,4.0,342.0,81.00135357934549,0.932741306179338,53.44214022159576,61.0,31.835827747291155,1001.0,1001.0
1003.0,61.41269283397212,37.0,5.0,-4.8905666687044365,4.0,342.0,89.14326543515881,0.932741306179338,53.44214022159576,61.0,39.97773960310448,1002.0,1002.0
1004.0,67.4501241860935,37.0,5.0,1.146864683416947,4.0,342.0,97.28517729097211,0.932741306179338,53.44214022159576,61.0,48.11965145891781,1003.0,1003.0
1005.0,73.48755553821488,37.0,5.0,7.184296035538331,4.0,342.0,105.42708914678543,0.932741306179338,53.44214022159576,61.0,56.26156331473114,1004.0,1004.0
1006.0,79.52498689033627,37.0,5.0,13.221727387659712,4.0,342.0,113.56900100259878,0.932741306179338,53.44214022159576,61.0,64.40347517054445,1005.0,1005.0
1007.0,81.93995943118482,37.0,5.0,15.636699928508268,4.0,342.0,116.82576574492413,0.932741306179338,53.44214022159576,61.0,67.66023991286978,1006.0,1006.0
1028.0,379.7930033538057,42.0,0.0,350.26211224389255,4.0,349.0,275.5753730926128,1.7875696084321844,102.42019414901732,74.0,282.07907287452787,1027.0,1027.0
1029.0,378.9113901642085,42.0,0.0,349.38049905429534,4.0,349.0,279.57845195173405,1.7875696084321844,102.42019414901732,74.0,286.08215173364914,1028.0,1028.0
1034.0,55.58706981250295,48.0,16.0,42.34498222542732,4.0,351.0,134.25618031171308,2.4364768128333285,139.59983825683594,63.0,149.815491599229,1033.0,1033.0
1035.0,47.93400520763182,48.0,16.0,34.691917620556175,4.0,351.0,140.76948607021183,2.4364768128333285,139.59983825683594,63.0,156.32879735772775,1034.0,1034.0
1036.0,40.28094060276068,48.0,16.0,27.038853015685053,4.0,351.0,147.28279182871063,2.4364768128333285,139.59983825683594,63.0,162.8421031162265,1035.0,1035.0
1037.0,35.68910183983799,48.0,16.0,22.447014252762365,4.0,351.0,151.1907752838099,2.4364768128333285,139.59983825683594,63.0,166.75008657132574,1036.0,1036.0
1054.0,133.5692405915106,28.0,8.0,122.739241397114,4.0,358.0,61.74043336672249,2.753290471656736,157.75192379951474,64.0,88.21501397160363,1053.0,1053.0
1055.0,124.25331003182164,28.0,8.0,113.42331083742503,4.0,358.0,65.55131603800021,2.753290471656736,157.75192379951474,64.0,92.02589664288132,1054.0,1054.0
1056.0,114.93737947213268,28.0,8.0,104.10738027773608,4.0,358.0,69.36219870927789,2.753290471656736,157.75192379951474,64.0,95.83677931415905,1055.0,1055.0
1057.0,105.62144891244373,28.0,8.0,94.79144971804708,4.0,358.0,73.17308138055559,2.753290471656736,157.75192379951474,64.0,99.64766198543671,1056.0,1056.0
1058.0,101.89507668856814,28.0,8.0,91.06507749417152,4.0,358.0,74.69743444906669,2.753290471656736,157.75192379951474,64.0,101.1720150539478,1057.0,1057.0
1059.0,583.4593672987941,52.0,16.0,569.6158938487615,4.0,359.0,488.9845420580569,0.5215252394138604,29.881195127964016,76.0,464.8917088930253,1058.0,1058.0
1060.0,586.2051683394458,52.0,16.0,572.361694889413,4.0,359.0,490.5622487372573,0.5215252394138604,29.881195127964016,76.0,466.4694155722258,1059.0,1059.0
1076.0,356.49858779515847,46.0,2.0,339.4219515989306,4.0,365.0,330.23023305645853,1.2525109489770572,71.76359117031096,76.0,324.60369379771527,1075.0,1075.0
1077.0,359.75190903133154,46.0,2.0,342.67527283510367,4.0,365.0,340.10411478460264,1.2525109489770572,71.76359117031096,76.0,334.4775755258594,1076.0,1076.0
1078.0,360.07724115494887,46.0,2.0,343.000604958721,4.0,365.0,341.091502957417,1.2525109489770572,71.76359117031096,76.0,335.46496369867384,1077.0,1077.0
1083.0,68.64425792897173,50.0,8.0,55.06055560840557,4.0,368.0,262.2969240883276,2.554389227170104,146.355721950531,63.0,282.70780122014907,1082.0,1082.0
1084.0,60.29065501217485,50.0,8.0,46.70695269160871,4.0,368.0,267.856354709223,2.554389227170104,146.355721950531,63.0,288.2672318410445,1083.0,1083.0
1085.0,57.78457413713579,50.0,8.0,44.20087181656965,4.0,368.0,269.52418389549166,2.554389227170104,146.355721950531,63.0,289.9350610273131,1084.0,1084.0
1097.0,66.10103806641388,46.0,1.0,22.146045982697395,4.0,374.0,9.122152819964557,1.187135784970495,68.0178701877594,93.0,-8.620871601084179,1096.0,1096.0
1098.0,69.89517104213597,46.0,1.0,25.94017895841949,4.0,374.0,18.521400713384008,1.187135784970495,68.0178701877594,93.0,0.7783762923352722,1097.0,1097.0
1099.0,73.68930401785806,46.0,1.0,29.73431193414158,4.0,374.0,27.920648606803464,1.187135784970495,68.0178701877594,93.0,10.177624185754729,1098.0,1098.0
1100.0,77.48343699358017,46.0,1.0,33.52844490986367,4.0,374.0,37.31989650022293,1.187135784970495,68.0178701877594,93.0,19.576872079174176,1099.0,1099.0
1101.0,589.6547904773598,15.0,13.0,584.6038516384484,4.0,375.0,396.63761776446086,2.8274333133294083,161.9999957084656,47.0,412.1828051144145,1100.0,1100.0
1102.0,582.0086729284759,15.0,13.0,576.9577340895645,4.0,375.0,399.12199258897226,2.8274333133294083,161.9999957084656,47.0,414.6671799389261,1101.0,1101.0
1145.0,576.368922180017,34.0,12.0,561.9728803993564,4.0,391.0,427.3141517874424,2.659591247473663,152.38335371017456,88.0,454.8317648346705,1144.0,1144.0
1146.0,567.4922819515721,34.0,12.0,553.0962401709115,4.0,391.0,431.95803145030646,2.659591247473663,152.38335371017456,88.0,459.4756444975346,1145.0,1145.0
1147.0,558.6156417231269,34.0,12.0,544.2195999424665,4.0,391.0,436.6019111131706,2.659591247473663,152.38335371017456,88.0,464.1195241603986,1146.0,1146.0
1148.0,555.9526496545936,34.0,12.0,541.5566078739331,4.0,391.0,437.9950750120298,2.659591247473663,152.38335371017456,88.0,465.5126880592578,1147.0,1147.0
1156.0,395.71622767309424,46.0,11.0,386.61450471696287,4.0,395.0,-4.342300534459647,2.2217732442878986,127.29822993278502,70.0,2.5909099304425327,1155.0,1155.0
1157.0,389.6042521218495,46.0,11.0,380.50252916571816,4.0,395.0,3.681328412575756,2.2217732442878986,127.29822993278502,70.0,10.614538877477935,1156.0,1156.0
1158.0,383.49227657060464,46.0,11.0,374.3905536144733,4.0,395.0,11.704957359611154,2.2217732442878986,127.29822993278502,70.0,18.63816782451334,1157.0,1157.0
1159.0,377.3803010193599,46.0,11.0,368.2785780632285,4.0,395.0,19.72858630664656,2.2217732442878986,127.29822993278502,70.0,26.661796771548733,1158.0,1158.0
1160.0,373.1019181334885,46.0,11.0,364.0001951773572,4.0,395.0,25.345126569571335,2.2217732442878986,127.29822993278502,70.0,32.27833703447352,1159.0,1159.0
1161.0,468.265474019736,27.0,2.0,452.19239855951247,4.0,396.0,258.51493650774177,1.1060985497872309,63.3747786283493,61.0,250.45728839812176,1160.0,1160.0
1162.0,472.8468364809984,27.0,2.0,456.7737610207752,4.0,396.0,267.6536558398249,1.1060985497872309,63.3747786283493,61.0,259.59600773020486,1161.0,1161.0
1163.0,477.42819894226096,27.0,2.0,461.3551234820376,4.0,396.0,276.792375171908,1.1060985497872309,63.3747786283493,61.0,268.734727062288,1162.0,1162.0
1164.0,480.17701641901846,27.0,2.0,464.1039409587952,4.0,396.0,282.27560677115787,1.1060985497872309,63.3747786283493,61.0,274.21795866153786,1163.0,1163.0
1165.0,346.3671016935524,59.0,0.0,334.24253653015063,4.0,397.0,263.8839409432616,1.4226284259099498,81.51060461997986,133.0,262.07420667977414,1164.0,1164.0
1166.0,346.51778422080935,59.0,0.0,334.3932190574075,4.0,397.0,264.89345938890995,1.4226284259099498,81.51060461997986,133.0,263.0837251254225,1165.0,1165.0
1208.0,313.94419306364466,19.0,0.0,305.86269266792107,4.0,413.0,272.0969947632346,0.3141592700403172,18.000000268220898,41.0,247.224694435825,1207.0,1207.0
1209.0,323.74543842114537,19.0,0.0,315.66393802542177,4.0,413.0,275.2816124782248,0.3141592700403172,18.000000268220898,41.0,250.40931215081525,1208.0,1208.0
1210.0,326.6858120283956,19.0,0.0,318.604311632672,4.0,413.0,276.23699779272187,0.3141592700403172,18.000000268220898,41.0,251.3646974653124,1209.0,1209.0
1226.0,125.77514810390956,31.0,1.0,97.33408925991634,4.0,422.0,98.03129196695856,1.4639882331005052,83.88034701347352,50.0,94.98195226999223,1225.0,1225.0
1227.0,126.23112253101496,31.0,1.0,97.79006368702171,4.0,422.0,102.28414563411872,1.4639882331005052,83.88034701347352,50.0,99.2348059371524,1226.0,1226.0
1236.0,199.25574626864392,40.0,9.0,143.70087793110022,4.0,426.0,84.53868619331986,1.5967637078691204,91.48782134056091,56.0,85.98162497143628,1235.0,1235.0
1237.0,199.01025423427063,40.0,9.0,143.45538589672702,4.0,426.0,93.99042306141035,1.5967637078691204,91.48782134056091,56.0,95.43336183952675,1236.0,1236.0
1247.0,133.53503371080154,35.0,1.0,98.2796683733962,4.0,431.0,129.68251371039796,1.978984457423252,113.38745713233948,81.0,144.92971032531818,1246.0,1246.0
1264.0,501.03844455208974,34.0,14.0,488.61704383250816,4.0,439.0,401.5522910279088,2.5172409387662102,144.22728180885315,92.0,418.7922844085305,1263.0,1263.0
1265.0,492.6770439152562,34.0,14.0,480.25564319567457,4.0,439.0,407.5766731488335,2.5172409387662102,144.22728180885315,92.0,424.8166665294551,1264.0,1264.0
1266.0,490.1686237242061,34.0,14.0,477.74722300462446,4.0,439.0,409.3839877851108,2.5172409387662102,144.22728180885315,92.0,426.6239811657325,1265.0,1265.0
1279.0,437.9332346637069,48.0,23.0,430.4005817631988,4.0,445.0,348.42026278042124,2.479885173468644,142.08695411682132,122.0,358.0918375635929,1278.0,1278.0
1280.0,437.0832200803685,48.0,23.0,429.5505671798603,4.0,445.0,349.08229197010394,2.479885173468644,142.08695411682132,122.0,358.7538667532756,1279.0,1279.0
1311.0,443.4495748590284,27.0,9.0,431.6017672250492,4.0,461.0,251.74219440109692,2.597373458595877,148.81853699684143,85.0,271.3195416869632,1310.0,1310.0
1312.0,435.3605862064092,27.0,9.0,423.5127785724302,4.0,461.0,256.637483845079,2.597373458595877,148.81853699684143,85.0,276.2148311309452,1311.0,1311.0
1337.0,526.4088519358229,29.0,11.0,502.4128319300818,4.0,471.0,425.0932501092091,2.289194059309751,131.16115808486936,69.0,446.0714602565204,1336.0,1336.0
1338.0,519.751325851429,29.0,11.0,495.755305845688,4.0,471.0,432.70849125647794,2.289194059309751,131.16115808486936,69.0,453.6867014037893,1337.0,1337.0
1339.0,513.0937997670352,29.0,11.0,489.0977797612942,4.0,471.0,440.3237324037468,2.289194059309751,131.16115808486936,69.0,461.301942551058,1338.0,1338.0
1340.0,508.43353150795946,29.0,11.0,484.43751150221846,4.0,471.0,445.6544012068349,2.289194059309751,131.16115808486936,69.0,466.6326113541462,1339.0,1339.0
1401.0,477.0864491930474,35.0,12.0,464.14287237664286,4.0,503.0,422.437367598,2.585435485308514,148.13454151153562,58.0,443.2600641866242,1400.0,1400.0
1402.0,468.4177274652743,35.0,12.0,455.4741506488698,4.0,503.0,427.82592354731753,2.585435485308514,148.13454151153562,58.0,448.6486201359417,1401.0,1401.0
1403.0,466.6839831197197,35.0,12.0,453.7404063033151,4.0,503.0,428.903634737181,2.585435485308514,148.13454151153562,58.0,449.7263313258052,1402.0,1402.0
1413.0,587.1128848386451,44.0,12.0,581.0578180149163,4.0,508.0,266.10297429377914,0.6064117514606708,34.74483400583267,114.0,257.3729509455714,1412.0,1412.0
1414.0,341.11924827683526,43.0,3.0,337.1852203253417,4.0,509.0,280.1799186629876,0.3266927095026645,18.71811345219612,59.0,268.56942157703634,1413.0,1413.0
1415.0,350.8669678062072,43.0,3.0,346.93293985471354,4.0,509.0,283.48277476018865,0.3266927095026645,18.71811345219612,59.0,271.8722776742373,1414.0,1414.0
1479.0,561.6511369713636,38.0,10.0,553.5346909494016,4.0,540.0,262.40556069177245,2.4179926439449293,138.54077339172363,73.0,271.5926996631058,1478.0,1478.0
1480.0,557.755600214255,38.0,10.0,549.6391541922928,4.0,540.0,265.8471015146879,2.4179926439449293,138.54077339172363,73.0,275.03424048602125,1479.0,1479.0
1492.0,310.1287324663704,31.0,3.0,290.2357516154068,4.0,546.0,282.7176521131058,1.2116470827187182,69.42226409912111,67.0,275.2491930710078,1491.0,1491.0
1493.0,311.1911968456587,31.0,3.0,291.29821599469506,4.0,546.0,285.54763128724016,1.2116470827187182,69.42226409912111,67.0,278.07917224514216,1492.0,1492.0
909.0,578.8685434648902,241.0,170.0,549.6252213115454,4.0,308.0,55.4946853765974,2.1218807973779548,121.5748143196106,212.0,73.46758226393491,908.0,908.0
910.0,577.2496982218206,241.0,170.0,548.0063760684758,4.0,308.0,58.12867439106982,2.1218807973779548,121.5748143196106,212.0,76.10157127840732,909.0,909.0
911.0,361.1923523456416,217.0,115.0,355.0480540583257,4.0,309.0,382.3601517752696,2.524923014184058,144.66743230819705,227.0,391.02760471466087,910.0,910.0
912.0,352.7111697118122,217.0,115.0,346.5668714244964,4.0,309.0,388.372404313108,2.524923014184058,144.66743230819705,227.0,397.0398572524993,911.0,911.0
913.0,349.31869665828043,217.0,115.0,343.17439837096464,4.0,309.0,390.7773053282434,2.524923014184058,144.66743230819705,227.0,399.44475826763465,912.0,912.0
925.0,270.820238828023,195.0,127.0,257.2317332846258,4.0,314.0,-13.316404554760847,2.2279101037070115,127.64984607696532,207.0,-2.833001225266336,924.0,924.0
926.0,264.6216301334474,195.0,127.0,251.03312459005025,4.0,314.0,-5.281816362335388,2.2279101037070115,127.64984607696532,207.0,5.2015869671591215,925.0,925.0
927.0,258.4230214388718,195.0,127.0,244.83451589547465,4.0,314.0,2.7527718300900688,2.2279101037070115,127.64984607696532,207.0,13.23617515958458,926.0,926.0
928.0,252.22441274429627,195.0,127.0,238.63590720089903,4.0,314.0,10.787360022515518,2.2279101037070115,127.64984607696532,207.0,21.270763352010032,927.0,927.0
929.0,246.02580404972065,195.0,127.0,232.43729850632343,4.0,314.0,18.821948214940974,2.2279101037070115,127.64984607696532,207.0,29.305351544435485,928.0,928.0
930.0,239.8271953551451,195.0,127.0,226.23868981174783,4.0,314.0,26.856536407366438,2.2279101037070115,127.64984607696532,207.0,37.33993973686094,929.0,929.0
931.0,235.48816926894216,195.0,127.0,221.89966372554488,4.0,314.0,32.48074814206425,2.2279101037070115,127.64984607696532,207.0,42.96415147155877,930.0,930.0
932.0,329.34894603739787,224.0,112.0,321.2674438951397,4.0,315.0,-0.8278642636338167,2.8274333133294083,161.9999957084656,210.0,24.044435496292163,931.0,931.0
933.0,321.4391692626905,224.0,112.0,313.3576671204323,4.0,315.0,1.7421786582745964,2.8274333133294083,161.9999957084656,210.0,26.61447841820058,932.0,932.0
941.0,62.77221163057296,215.0,141.0,42.53655703110704,4.0,319.0,180.98545811438484,2.511111756741177,143.87610554695132,239.0,208.7111717394349,940.0,940.0
942.0,59.317306185839215,215.0,141.0,39.08165158637329,4.0,319.0,183.50702615042923,2.511111756741177,143.87610554695132,239.0,211.23273977547925,941.0,941.0
997.0,466.9405547010827,235.0,190.0,456.4902289903629,4.0,340.0,24.177408831205568,0.3528736298030828,20.21816968917847,231.0,-4.197973688483931,996.0,996.0
998.0,475.8128995461161,235.0,190.0,465.3625738353964,4.0,340.0,27.44499098218055,0.3528736298030828,20.21816968917847,231.0,-0.9303915375089612,997.0,997.0
1021.0,341.0686180854213,210.0,156.0,327.90918883415725,4.0,347.0,39.207447439618846,0.5665571816435797,32.46133536100388,228.0,18.52048788039309,1020.0,1020.0
1022.0,349.5823252651918,210.0,156.0,336.4228960139277,4.0,347.0,44.6232035335686,0.5665571816435797,32.46133536100388,228.0,23.93624397434285,1021.0,1021.0
1023.0,358.0960324449624,210.0,156.0,344.93660319369826,4.0,347.0,50.03895962751836,0.5665571816435797,32.46133536100388,228.0,29.352000068292607,1022.0,1022.0
1024.0,361.50151531687055,210.0,156.0,348.3420860656065,4.0,347.0,52.20526206509826,0.5665571816435797,32.46133536100388,228.0,31.518302505872512,1023.0,1023.0
1049.0,599.1594624511409,203.0,188.0,572.2129529608673,4.0,356.0,4.737756987738228,1.8173500328149668,104.12648677825928,239.0,11.519496688610207,1048.0,1048.0
1050.0,596.6475432280376,203.0,188.0,569.7010337377637,4.0,356.0,14.7185964433511,1.8173500328149668,104.12648677825928,239.0,21.500336144223084,1049.0,1049.0
1066.0,174.32055954223233,216.0,122.0,154.66110752390696,4.0,362.0,21.956634763554405,1.0994088243676012,62.99148559570313,209.0,11.93596341385652,1065.0,1065.0
1067.0,178.93372882603032,216.0,122.0,159.2742768077049,4.0,362.0,31.007164116557533,1.0994088243676012,62.99148559570313,209.0,20.98649276685964,1066.0,1066.0
1068.0,183.54689810982825,216.0,122.0,163.88744609150285,4.0,362.0,40.057693469560654,1.0994088243676012,62.99148559570313,209.0,30.03702211986276,1067.0,1067.0
1069.0,185.8534827517272,216.0,122.0,166.1940307334018,4.0,362.0,44.58295814606221,1.0994088243676012,62.99148559570313,209.0,34.562286796364326,1068.0,1068.0
1094.0,536.1133331025468,191.0,145.0,520.606733232211,4.0,372.0,4.056630570083863,2.3236131277449634,133.133225440979,238.0,18.584325778257707,1093.0,1093.0
1095.0,533.1890050193168,191.0,145.0,517.682405148981,4.0,372.0,7.178005628304965,2.3236131277449634,133.133225440979,238.0,21.70570083647881,1094.0,1094.0
1096.0,333.2872436521437,242.0,143.0,321.2490717671502,4.0,373.0,489.3530676496994,1.1696681217836384,67.01704680919647,239.0,484.24739328453614,1095.0,1095.0
1112.0,330.05943232924227,203.0,140.0,322.42081168843606,4.0,379.0,19.52635492316001,0.8023220423792244,45.969666838645935,242.0,12.142005486281729,1111.0,1111.0
1113.0,332.9084044871326,203.0,140.0,325.26978384632645,4.0,379.0,22.473428015565485,0.8023220423792244,45.969666838645935,242.0,15.089078578687197,1112.0,1112.0
1136.0,551.5790003213654,233.0,175.0,535.7663914896958,4.0,388.0,27.143420875918235,1.8267694463370632,104.66617941856384,244.0,31.281806410905453,1135.0,1135.0
1137.0,548.9947159719038,233.0,175.0,533.1821071402343,4.0,388.0,37.01787002580086,1.8267694463370632,104.66617941856384,244.0,41.15625556078808,1136.0,1136.0
1138.0,548.4778591020115,233.0,175.0,532.665250270342,4.0,388.0,38.99275985577739,1.8267694463370632,104.66617941856384,244.0,43.131145390764615,1137.0,1137.0
1171.0,50.97013534174907,217.0,163.0,39.630285089991006,4.0,399.0,201.6111765847708,0.7667154121572969,43.92955720424652,252.0,189.83948897562615,1170.0,1170.0
1172.0,51.74607718906496,217.0,163.0,40.40622693730688,4.0,399.0,202.35865346699785,0.7667154121572969,43.92955720424652,252.0,190.58696585785333,1171.0,1171.0
1201.0,178.70626943862442,216.0,117.0,169.9091418506113,4.0,410.0,6.011695334905792,2.264519851004221,129.74743008613586,204.0,13.327521625969233,1200.0,1200.0
1202.0,173.3884497005782,216.0,117.0,164.59132211256505,4.0,410.0,12.406261972278347,2.264519851004221,129.74743008613586,204.0,19.7220882633418,1201.0,1201.0
1223.0,590.5830363819106,213.0,109.0,576.2876459621548,4.0,420.0,74.71196832090486,1.1696782334734024,67.01762616634369,206.0,68.64912456251645,1222.0,1222.0
1224.0,593.0489470143547,213.0,109.0,578.7535565945988,4.0,420.0,80.52626217966393,1.1696782334734024,67.01762616634369,206.0,74.4634184212755,1223.0,1223.0
1230.0,428.70900630453247,210.0,130.0,416.6584057157484,4.0,424.0,124.17248418507386,2.7067255785334585,155.08395195007324,255.0,150.11425217040156,1229.0,1229.0
1231.0,419.5162781467652,210.0,130.0,407.46567755798094,4.0,424.0,128.44273652150585,2.7067255785334585,155.08395195007324,255.0,154.3845045068336,1230.0,1230.0
1232.0,415.8391868836582,210.0,130.0,403.78858629487394,4.0,424.0,130.15083745607868,2.7067255785334585,155.08395195007324,255.0,156.0926054414064,1231.0,1231.0
1238.0,451.4954392098812,209.0,197.0,418.1560423368954,4.0,427.0,15.43217102312051,1.6710408103114356,95.74358582496644,228.0,18.78550166683144,1237.0,1237.0
1239.0,451.387615824727,209.0,197.0,418.0482189517412,4.0,427.0,16.504169883891258,1.6710408103114356,95.74358582496644,228.0,19.857500527602184,1238.0,1238.0
1256.0,587.9217439894121,198.0,103.0,577.6847387847563,4.0,436.0,86.12507669956551,1.2999334631951238,74.48070108890532,207.0,83.28239023427874,1255.0,1255.0
1257.0,590.6065877836822,198.0,103.0,580.3695825790264,4.0,436.0,95.7936631691812,1.2999334631951238,74.48070108890532,207.0,92.9509767038944,1256.0,1256.0
1258.0,591.4120409219634,198.0,103.0,581.1750357173075,4.0,436.0,98.6942391100659,1.2999334631951238,74.48070108890532,207.0,95.85155264477912,1257.0,1257.0
1273.0,269.86939321838184,230.0,155.0,233.73469429693063,4.0,442.0,50.67724074147232,2.3308079695190025,133.54545950889587,206.0,85.02231887363651,1272.0,1272.0
1274.0,264.9148759153931,230.0,155.0,228.78017699394184,4.0,442.0,55.88992333767112,2.3308079695190025,133.54545950889587,206.0,90.2350014698353,1273.0,1273.0
1275.0,432.3755678533476,188.0,200.0,423.7764963420845,4.0,443.0,117.55747997500715,0.3146314531829261,18.02705436944961,236.0,91.1347182680246,1274.0,1274.0
1276.0,442.1030997809549,188.0,200.0,433.5040282696917,4.0,443.0,120.72322561511884,0.3146314531829261,18.02705436944961,236.0,94.3004639081363,1275.0,1275.0
1277.0,446.96686574475854,188.0,200.0,438.3677942334953,4.0,443.0,122.30609843517468,0.3146314531829261,18.02705436944961,236.0,95.88333672819212,1276.0,1276.0
1293.0,560.7317845137214,189.0,128.0,537.9400529411387,4.0,452.0,67.16677763904178,2.5988986384685977,148.90592336654663,217.0,104.95789569290872,1292.0,1292.0
1294.0,551.9068545521136,189.0,128.0,529.1151229795308,4.0,452.0,72.48907147922702,2.5988986384685977,148.90592336654663,217.0,110.28018953309396,1293.0,1293.0
1295.0,549.2593755636312,189.0,128.0,526.4676439910485,4.0,452.0,74.0857596312826,2.5988986384685977,148.90592336654663,217.0,111.87687768514957,1294.0,1294.0
1307.0,433.3798421805558,184.0,147.0,414.3270479076036,4.0,459.0,106.18918004809773,1.1121567627304032,63.72188866138458,195.0,96.781757553447,1306.0,1306.0
1308.0,437.43499690261984,184.0,147.0,418.3822026296677,4.0,459.0,114.4020596873838,1.1121567627304032,63.72188866138458,195.0,104.99463719273308,1307.0,1307.0
1341.0,435.4361115798098,194.0,145.0,423.1773405219644,4.0,472.0,139.52986620481192,1.5665180521304414,89.75487291812897,220.0,139.47741949518894,1340.0,1340.0
1344.0,282.82889757475925,237.0,173.0,258.4758348509729,4.0,474.0,83.4024983830793,1.1266641351121225,64.55309987068175,201.0,71.81437543152035,1343.0,1343.0
1345.0,287.1681838497587,237.0,173.0,262.8151211259723,4.0,474.0,92.52174153171272,1.1266641351121225,64.55309987068175,201.0,80.93361858015378,1344.0,1344.0
1346.0,287.60211247725863,237.0,173.0,263.24904975347226,4.0,474.0,93.43366584657608,1.1266641351121225,64.55309987068175,201.0,81.84554289501713,1345.0,1345.0
1347.0,343.38732596501626,216.0,134.0,311.4456702677264,4.0,475.0,67.50144006528856,0.8731413214293159,50.02731263637543,201.0,40.72514537678954,1346.0,1346.0
1348.0,349.86047745968904,216.0,134.0,317.9188217623992,4.0,475.0,75.22331416043906,0.8731413214293159,50.02731263637543,201.0,48.44701947194004,1347.0,1347.0
1349.0,353.7443683564927,216.0,134.0,321.8027126592028,4.0,475.0,79.85643861752936,0.8731413214293159,50.02731263637543,201.0,53.08014392903034,1348.0,1348.0
1371.0,451.51633173364576,170.0,157.0,415.9106637688128,4.0,488.0,136.84522270685528,1.3177715138329618,75.50274610519409,208.0,127.63879151272718,1370.0,1370.0
1372.0,454.1188097724508,170.0,157.0,418.5131418076178,4.0,488.0,146.910248663337,1.3177715138329618,75.50274610519409,208.0,137.70381746920887,1371.0,1371.0
1373.0,454.37905757633126,170.0,157.0,418.7733896114983,4.0,488.0,147.9167512589852,1.3177715138329618,75.50274610519409,208.0,138.71032006485706,1372.0,1372.0
1404.0,405.92904980635626,208.0,152.0,394.5923947083278,4.0,504.0,133.40940856499068,2.5253394659995188,144.6912932395935,239.0,149.41558270385806,1403.0,1403.0
1405.0,405.04983146895296,208.0,152.0,393.7131763709244,4.0,504.0,134.03213045721353,2.5253394659995188,144.6912932395935,239.0,150.0383045960809,1404.0,1404.0
1444.0,172.5288244758721,185.0,118.0,160.58484672566487,4.0,522.0,39.55786131974217,2.1941475460923963,125.71539402008057,219.0,48.14534699083458,1443.0,1443.0
1445.0,171.31506735346915,185.0,118.0,159.37108960326194,4.0,522.0,41.24602577432018,2.1941475460923963,125.71539402008057,219.0,49.8335114454126,1444.0,1444.0
1477.0,325.07835095184976,224.0,181.0,303.6848859146463,4.0,539.0,53.01864204317448,0.713425121819945,40.87624847888947,208.0,28.300652940088145,1476.0,1476.0
1478.0,332.8604475103544,224.0,181.0,311.46698247315084,4.0,539.0,59.75406092964528,0.713425121819945,40.87624847888947,208.0,35.03607182655896,1477.0,1477.0
1487.0,188.9002832039416,228.0,139.0,162.4431692475047,4.0,544.0,15.440979657631686,1.766043693459994,101.18685007095335,221.0,20.673319350850623,1486.0,1486.0
915.0,24.99750271029727,7.0,17.0,3.3286821629450363,4.0,310.0,-15.245043618286994,2.8081123084862893,160.89298367500302,14.0,47.30600263772773,914.0,914.0
916.0,15.370659236671049,7.0,17.0,-6.298161310681183,4.0,310.0,-11.910129877377392,2.8081123084862893,160.89298367500302,14.0,50.64091637863732,915.0,915.0
918.0,578.164663804512,68.0,23.0,566.0424132109265,4.0,311.0,412.2876900862981,0.3141592700403172,18.000000268220898,81.0,374.9792395951838,917.0,917.0
953.0,292.37376477967587,54.0,7.0,275.57837676779184,4.0,323.0,172.9506744704821,2.416865003282741,138.4761643409729,65.0,191.91850124561668,952.0,952.0
954.0,284.5904578600193,54.0,7.0,267.7950698481353,4.0,323.0,179.8425372695763,2.416865003282741,138.4761643409729,65.0,198.81036404471092,953.0,953.0
955.0,281.4771350921567,54.0,7.0,264.6817470802726,4.0,323.0,182.599282389214,2.416865003282741,138.4761643409729,65.0,201.56710916434864,954.0,954.0
985.0,109.7478302593312,103.0,31.0,102.51965582453845,4.0,335.0,211.80232921117147,2.7799870179150448,159.28152322769162,93.0,230.91249785893095,984.0,984.0
986.0,102.22814753976856,103.0,31.0,94.9999731049758,4.0,335.0,214.646552064101,2.7799870179150448,159.28152322769162,93.0,233.7567207118605,985.0,985.0
1081.0,113.01856223099608,91.0,41.0,84.72274723850211,4.0,367.0,174.61164818075818,1.0462889347281223,59.94794011116028,82.0,158.24075371805722,1080.0,1080.0
1082.0,117.60549680469894,91.0,41.0,89.30968181220496,4.0,367.0,182.53980704684108,1.0462889347281223,59.94794011116028,82.0,166.16891258414012,1081.0,1081.0
1091.0,183.2194135170056,79.0,27.0,178.17706304011088,4.0,371.0,211.102303177166,2.7457188758122344,157.31810331344602,72.0,223.1671361525493,1090.0,1090.0
1092.0,173.89201103626883,79.0,27.0,168.84966055937426,4.0,371.0,215.0005778107969,2.7457188758122344,157.31810331344602,72.0,227.0654107861802,1091.0,1091.0
1093.0,165.4973488036058,79.0,27.0,160.4549983267112,4.0,371.0,218.5090249810648,2.7457188758122344,157.31810331344602,72.0,230.573857956448,1092.0,1092.0
1114.0,572.1674010485738,35.0,3.0,549.5779661189599,4.0,380.0,321.5403835658354,0.8435986153827417,48.33464026451111,36.0,301.4384167426717,1113.0,1113.0
1115.0,578.9282274605644,35.0,3.0,556.3387925309505,4.0,380.0,329.13781170048384,0.8435986153827417,48.33464026451111,36.0,309.03584487732013,1114.0,1114.0
1116.0,585.6890538725547,35.0,3.0,563.0996189429411,4.0,380.0,336.73523983513235,0.8435986153827417,48.33464026451111,36.0,316.63327301196864,1115.0,1115.0
1117.0,592.4498802845453,35.0,3.0,569.8604453549317,4.0,380.0,344.33266796978086,0.8435986153827417,48.33464026451111,36.0,324.23070114661715,1116.0,1116.0
1118.0,596.5063761317398,35.0,3.0,573.9169412021258,4.0,380.0,348.8911248505699,0.8435986153827417,48.33464026451111,36.0,328.7891580274062,1117.0,1117.0
1154.0,174.00476522714686,143.0,49.0,162.47275149730115,4.0,394.0,55.556912061570216,2.3584218707431144,135.1276195049286,133.0,67.14041292418663,1153.0,1153.0
1155.0,166.7109743105431,143.0,49.0,155.17896058069738,4.0,394.0,62.818283040041415,2.3584218707431144,135.1276195049286,133.0,74.40178390265783,1154.0,1154.0
1220.0,239.7283821880549,44.0,20.0,207.85529019459295,4.0,418.0,277.9287978149589,1.5702677101244618,89.96971249580383,49.0,277.91194916562347,1219.0,1219.0
1228.0,590.1850973758006,95.0,38.0,578.4386315618335,4.0,423.0,492.98877905550415,0.6750204091495093,38.67582052946091,103.0,478.3141058942032,1227.0,1227.0
1229.0,591.0262233471999,95.0,38.0,579.2797575332328,4.0,423.0,493.66206542854144,0.6750204091495093,38.67582052946091,103.0,478.9873922672406,1228.0,1228.0
1335.0,141.00593657726978,108.0,22.0,129.57944429796876,4.0,470.0,91.13244298376328,1.200165258991816,68.76440405845642,98.0,86.6922298473146,1334.0,1334.0
1336.0,141.37563866583503,108.0,22.0,129.94914638653404,4.0,470.0,92.08383831790958,1.200165258991816,68.76440405845642,98.0,87.64362518146092,1335.0,1335.0
1356.0,77.33590706516306,125.0,44.0,73.80025064203397,4.0,479.0,242.326502892642,0.3141592700403172,18.000000268220898,123.0,231.4448714994004,1355.0,1355.0
1456.0,19.43733398740678,54.0,28.0,9.984509262023977,4.0,527.0,225.29470733482515,0.972290840021885,55.70816159248352,65.0,218.84840042063087,1455.0,1455.0
1457.0,21.221532003625807,54.0,28.0,11.768707278243005,4.0,527.0,227.91104430841185,0.972290840021885,55.70816159248352,65.0,221.4647373942176,1456.0,1456.0
1460.0,202.6561489605077,126.0,55.0,197.04032696745728,4.0,530.0,324.3759973282116,0.3176578444785569,18.20045381784439,122.0,307.29583365361907,1459.0,1459.0
1461.0,212.4461927349305,126.0,55.0,206.8303707418801,4.0,530.0,327.5948858698427,0.3176578444785569,18.20045381784439,122.0,310.5147221952502,1460.0,1460.0
1462.0,215.3832058672573,126.0,55.0,209.76738387420693,4.0,530.0,328.560552432332,0.3176578444785569,18.20045381784439,122.0,311.4803887577395,1461.0,1461.0
923.0,291.8020756410916,106.0,18.0,283.9731221327344,4.0,313.0,488.323924147822,0.3141592700403172,18.000000268220898,211.0,464.228883205644,922.0,922.0
924.0,298.56932925829767,106.0,18.0,290.7403757499405,4.0,313.0,490.52273817248,0.3141592700403172,18.000000268220898,211.0,466.427697230302,923.0,923.0
972.0,336.7549505052803,139.0,2.0,321.56756407279784,4.0,331.0,78.10434879006878,1.9494418450034343,111.6947901248932,187.0,84.14654427267536,971.0,971.0
973.0,332.9710503441142,139.0,2.0,317.7836639116317,4.0,331.0,87.61538730826838,1.9494418450034343,111.6947901248932,187.0,93.65758279087494,972.0,972.0
974.0,329.18715018294813,139.0,2.0,313.99976375046555,4.0,331.0,97.12642582646797,1.9494418450034343,111.6947901248932,187.0,103.16862130907452,973.0,973.0
975.0,325.78164003789857,139.0,2.0,310.59425360541604,4.0,331.0,105.68636049284756,1.9494418450034343,111.6947901248932,187.0,111.72855597545414,974.0,974.0
992.0,23.98127497976553,55.0,33.0,5.3188211972595445,4.0,337.0,427.301890639737,1.4510967649191102,83.14172029495239,192.0,425.057272559633,991.0,991.0
993.0,25.184508962124728,55.0,33.0,6.522055179618754,4.0,337.0,437.30595270462027,1.4510967649191102,83.14172029495239,192.0,435.0613346245163,992.0,992.0
994.0,25.906449351540257,55.0,33.0,7.243995569034275,4.0,337.0,443.3083899435504,1.4510967649191102,83.14172029495239,192.0,441.06377186344633,993.0,993.0
1063.0,260.00170068236304,54.0,5.0,251.53344588626555,4.0,361.0,381.4791383109543,2.3790182592710822,136.30770564079285,151.0,390.3430471109357,1062.0,1062.0
1064.0,252.7532026030473,54.0,5.0,244.28494780694984,4.0,361.0,388.4040886923027,2.3790182592710822,136.30770564079285,151.0,397.26799749228417,1063.0,1063.0
1065.0,246.9544041395947,54.0,5.0,238.4861493434972,4.0,361.0,393.9440489973815,2.3790182592710822,136.30770564079285,151.0,402.8079577973629,1064.0,1064.0
1086.0,142.12245232978918,76.0,34.0,126.64288593699692,4.0,369.0,486.4424212856673,1.6497332329367398,94.52275156974792,213.0,487.66687462614686,1085.0,1085.0
1087.0,142.0419649137312,76.0,34.0,126.56239852093891,4.0,369.0,487.4599449915244,1.6497332329367398,94.52275156974792,213.0,488.684398332004,1086.0,1086.0
1128.0,133.41032533857012,79.0,44.0,120.638341435533,4.0,385.0,481.9977385028378,1.3546885441468843,77.61793613433838,226.0,479.1938269071745,1127.0,1127.0
1129.0,134.2892742882008,79.0,44.0,121.51729038516368,4.0,385.0,486.0014031881427,1.3546885441468843,77.61793613433838,226.0,483.1974915924794,1128.0,1128.0
1200.0,300.4400652534925,63.0,38.0,271.0202101795212,4.0,409.0,487.060289523752,1.5608178679063167,89.42827641963959,198.0,486.7667149656192,1199.0,1199.0
1296.0,400.007640393999,60.0,34.0,367.54257877053146,4.0,453.0,428.98826352343406,1.3206899534776873,75.66996037960051,152.0,420.6948936387031,1295.0,1295.0
1297.0,402.5097513496218,60.0,34.0,370.04468972615433,4.0,453.0,438.7829775530837,1.3206899534776873,75.66996037960051,152.0,430.4896076683527,1296.0,1296.0
1298.0,404.7616512096824,60.0,34.0,372.2965895862149,4.0,453.0,447.5982201797684,1.3206899534776873,75.66996037960051,152.0,439.3048502950374,1297.0,1297.0
1358.0,138.52578110135772,63.0,33.0,127.97914740552372,4.0,481.0,487.5309162959495,1.449756591518366,83.06493401527405,205.0,486.2480836544979,1357.0,1357.0
1406.0,212.6273071489757,79.0,38.0,197.81487766076543,4.0,505.0,416.13725477415534,2.706493196922404,155.07063746452332,211.0,448.0051284518127,1405.0,1405.0
1407.0,203.3507247775436,79.0,38.0,188.5382952893333,4.0,505.0,420.4490806480212,2.706493196922404,155.07063746452332,211.0,452.3169543256786,1406.0,1406.0
1408.0,198.71243359182748,79.0,38.0,183.90000410361725,4.0,505.0,422.6049935849542,2.706493196922404,155.07063746452332,211.0,454.4728672626115,1407.0,1407.0
1420.0,24.6405425253552,47.0,36.0,10.3622903807144,4.0,512.0,351.1617994194097,2.079153665027104,119.12672996520996,168.0,359.1176996571984,1419.0,1419.0
1421.0,21.56647154803725,47.0,36.0,7.288219403396437,4.0,512.0,356.6787565471764,2.079153665027104,119.12672996520996,168.0,364.634656784965,1420.0,1420.0
1422.0,21.780756604924413,53.0,24.0,8.86851690479714,4.0,513.0,470.00465649358,1.4122987730555892,80.91875910758972,150.0,467.94078658920336,1421.0,1421.0
1423.0,21.941858882857236,53.0,24.0,9.029619182729958,4.0,513.0,471.0125646105081,1.4122987730555892,80.91875910758972,150.0,468.9486947061315,1422.0,1422.0
1441.0,182.829659561962,71.0,83.0,159.72699947309533,4.0,521.0,476.9994370784319,0.8695098204027216,49.81924295425415,251.0,457.4894719985781,1440.0,1440.0
1442.0,189.3521605541845,71.0,83.0,166.24950046531782,4.0,521.0,484.7230348776003,0.8695098204027216,49.81924295425415,251.0,465.2130697977464,1441.0,1441.0
1443.0,195.22241144718475,71.0,83.0,172.1197513583181,4.0,521.0,491.674272896852,0.8695098204027216,49.81924295425415,251.0,472.164307816998,1442.0,1442.0
968.0,192.58650718871425,203.0,77.0,159.96541748967988,4.0,329.0,407.63911121187806,1.8013387338343825,103.20910692214966,206.0,415.2957891539143,967.0,967.0
969.0,190.7539374172414,203.0,77.0,158.13284771820705,4.0,329.0,415.44673004442063,1.8013387338343825,103.20910692214966,206.0,423.1034079864568,968.0,968.0
1167.0,597.1290087277631,193.0,80.0,583.857022718009,4.0,398.0,166.0218411979344,2.1165860170119566,121.27144575119014,231.0,174.08227847197654,1166.0,1166.0
1168.0,591.8783468315872,193.0,80.0,578.6063608218333,4.0,398.0,174.66736610666538,2.1165860170119566,121.27144575119014,231.0,182.7278033807075,1167.0,1167.0
1169.0,586.6276849354113,193.0,80.0,573.3556989256573,4.0,398.0,183.3128910153963,2.1165860170119566,121.27144575119014,231.0,191.3733282894385,1168.0,1168.0
1170.0,582.9522216080883,193.0,80.0,569.6802355983341,4.0,398.0,189.36475845150795,2.1165860170119566,121.27144575119014,231.0,197.4251957255501,1169.0,1169.0
1251.0,73.86563860463835,189.0,85.0,64.98221719745528,4.0,433.0,379.75935761034896,2.493237098041324,142.85196304321292,217.0,391.4848997620392,1250.0,1250.0
1252.0,68.13336247132865,189.0,85.0,59.2499410641456,4.0,433.0,384.1022036686173,2.493237098041324,142.85196304321292,217.0,395.8277458203076,1251.0,1251.0
1412.0,442.1212618090185,196.0,85.0,426.607110372723,4.0,507.0,58.19387808527557,1.6129092676193482,92.41289377212524,199.0,58.84761113749713,1411.0,1411.0
988.0,112.9349929242598,20.0,0.0,104.7050409929289,4.0,336.0,285.75259144633526,2.743875177711951,157.21246719360354,20.0,305.3428047889276,987.0,987.0
989.0,103.5246562090842,20.0,0.0,95.29470427775335,4.0,336.0,289.7059235244067,2.743875177711951,157.21246719360354,20.0,309.29613686699906,988.0,988.0
990.0,94.11431949390864,20.0,0.0,85.88436756257778,4.0,336.0,293.65925560247814,2.743875177711951,157.21246719360354,20.0,313.2494689450705,989.0,989.0
991.0,90.35018480783845,20.0,0.0,82.12023287650754,4.0,336.0,295.2405884337067,2.743875177711951,157.21246719360354,20.0,314.83080177629904,990.0,990.0
1186.0,410.57670508192666,44.0,0.0,377.640067060888,4.0,405.0,491.0632649859812,0.91117213564538,52.20631778240204,46.0,465.5208061810693,1185.0,1185.0
1187.0,416.72007311801286,44.0,0.0,383.78343509697424,4.0,405.0,498.98505085554206,0.91117213564538,52.20631778240204,46.0,473.44259205063,1186.0,1186.0
1188.0,421.634767546882,44.0,0.0,388.6981295258433,4.0,405.0,505.3224795511907,0.91117213564538,52.20631778240204,46.0,479.78002074627886,1187.0,1187.0
1047.0,173.90417126638562,167.0,88.0,167.5904990822266,4.0,355.0,241.3995881708314,0.3141592700403172,18.000000268220898,113.0,221.96810354004268,1046.0,1046.0
1048.0,178.7686840938189,167.0,88.0,172.45501190965982,4.0,355.0,242.98016422621865,0.3141592700403172,18.000000268220898,113.0,223.54867959542997,1047.0,1047.0
1071.0,410.4897535720765,144.0,167.0,390.0931322613113,4.0,363.0,109.00138621142231,0.8945338182726771,51.25301241874696,220.0,92.63313000227824,1070.0,1070.0
1327.0,488.42265638382753,161.0,170.0,472.7224616173624,4.0,468.0,64.91248923300135,1.155012163738444,66.17732226848602,232.0,57.980453993127526,1326.0,1326.0
1328.0,492.5893934931668,161.0,170.0,476.8891987267016,4.0,468.0,74.34962881662472,1.155012163738444,66.17732226848602,232.0,67.4175935767509,1327.0,1327.0
1329.0,495.0894357587704,161.0,170.0,479.3892409923053,4.0,468.0,80.01191256679873,1.155012163738444,66.17732226848602,232.0,73.07987732692493,1328.0,1328.0
1120.0,394.30046283231263,33.0,14.0,386.0083396086145,4.0,381.0,282.6536370681111,2.24615664788596,128.69529604911804,120.0,289.29576280789365,1119.0,1119.0
1175.0,27.039789141017756,37.0,13.0,-7.584705405493892,4.0,401.0,486.0060494035663,1.044403198213913,59.83989536762238,153.0,465.8863752790099,1174.0,1174.0
1176.0,32.07051470560526,37.0,13.0,-2.55397984090638,4.0,401.0,494.6635618860106,1.044403198213913,59.83989536762238,153.0,474.5438877614541,1175.0,1175.0
1177.0,37.101240270192775,37.0,13.0,2.4767457236811343,4.0,401.0,503.3210743684549,1.044403198213913,59.83989536762238,153.0,483.2014002438983,1176.0,1176.0
1178.0,41.12582072186279,37.0,13.0,6.501326175351143,4.0,401.0,510.24708435441016,1.044403198213913,59.83989536762238,153.0,490.1274102298537,1177.0,1177.0
1193.0,562.8348626097567,54.0,16.0,546.5106711872576,4.0,407.0,469.9463164329553,1.5201166313250138,87.09626734256744,135.0,469.11830236230776,1192.0,1192.0
1194.0,563.3419092182962,54.0,16.0,547.0177177957971,4.0,407.0,479.94267542170417,1.5201166313250138,87.09626734256744,135.0,479.1146613510567,1193.0,1193.0
1195.0,563.8489558268358,54.0,16.0,547.5247644043367,4.0,407.0,489.93903441045313,1.5201166313250138,87.09626734256744,135.0,489.1110203398056,1194.0,1194.0
1196.0,564.3560024353752,54.0,16.0,548.0318110128761,4.0,407.0,499.9353933992021,1.5201166313250138,87.09626734256744,135.0,499.10737932855454,1195.0,1195.0
1197.0,564.5081164179372,54.0,16.0,548.183924995438,4.0,407.0,502.9343010958268,1.5201166313250138,87.09626734256744,135.0,502.1062870251792,1196.0,1196.0
1225.0,377.76794867037233,22.0,6.0,332.831124356249,4.0,421.0,494.7781134520129,1.199743002317416,68.74021053314209,115.0,477.2942986831976,1224.0,1224.0
1180.0,291.2270283114144,0.0,0.0,287.94391877565164,4.0,402.0,286.2645533699387,0.3141592700403172,18.000000268220898,27.0,276.1601813619286,1179.0,1179.0
1181.0,294.1674019186645,0.0,0.0,290.8842923829018,4.0,402.0,287.21993868443576,0.3141592700403172,18.000000268220898,27.0,277.1155666764257,1180.0,1180.0
1301.0,591.5353987297135,5.0,0.0,580.611028601327,4.0,455.0,378.83626180491393,2.4885638120887767,142.5842034816742,37.0,393.1165834086635,1300.0,1300.0
1302.0,586.7050392908293,5.0,0.0,575.7806691624429,4.0,455.0,382.5314611027828,2.4885638120887767,142.5842034816742,37.0,396.8117827065323,1301.0,1301.0
1322.0,140.5617977318467,0.0,0.0,121.79900655900816,4.0,465.0,464.4656044977955,2.4261540883589907,139.00838971138,190.0,486.056110933714,1321.0,1321.0
1360.0,176.95229138754075,31.0,6.0,157.03198211723517,4.0,482.0,284.33887507751945,1.3466382346934682,77.15668737888336,21.0,279.79725312264696,1359.0,1359.0
1386.0,29.602815035450224,14.0,18.0,10.030652200379826,4.0,495.0,179.6486206780219,1.5053037548349648,86.24755203723906,26.0,178.36495353546047,1385.0,1385.0
